r_kpc,v_kms_D_0.00_kpc2_per_T0,v_kms_D_0.05_kpc2_per_T0,v_kms_D_0.20_kpc2_per_T0
1e-06,0.2929576209865864,0.2758970681617328,0.26128031216155584
0.03336213344453712,52.62487987725778,50.068634347762675,47.43760606943987
0.06672326688907423,81.92260958213367,78.62301238012967,74.57779082554067
0.10008440033361136,110.21751365575662,106.56376331980496,101.25276422341288
0.13344553377814847,137.59917187373802,133.8795890605012,127.47572071575571
0.16680666722268558,164.10857837634697,160.5338328251743,153.22454838213451
0.20016780066722273,189.77396492150518,186.49402989984105,178.4726260878246
0.23352893411175984,214.61879329470878,211.73624872497354,203.19512087800967
0.26689006755629696,238.6642593458223,236.24491395311142,227.37053005150312
0.300251201000834,261.93025816032866,260.01167063137484,250.98094594218114
0.33361233444537114,284.435814047323,283.0341291442931,274.01191866579654
0.3669734678899083,306.19929451513457,305.314713999245,296.45218887862734
0.4003346013344454,327.23852687833426,326.8596689385466,318.2933869960438
0.4336957347789825,347.5708670387317,347.67821877113647,339.5297356096714
0.46705686822351966,367.21324309012607,367.78187261502615,360.1577691918524
0.5004180016680567,386.18218488469824,387.18384969911125,380.1760759176761
0.5337791351125939,404.4938453771663,405.8986094834535,399.58506248419553
0.567140268557131,422.16401694111016,423.94146977295713,418.38674111120844
0.6005014020016681,439.20814448928735,441.32829867271346,436.58453722013894
0.6338625354462052,455.6413364883776,458.07526828706074,454.1831160635343
0.6672236688907424,471.4783745388691,474.19865988106216,471.18822656868963
0.7005848023352795,486.73372194485563,489.71471178591906,487.60656074678894
0.7339459357798167,501.4215315498298,504.6395026591245,503.44562714627386
0.7673070692243538,515.5556530222545,518.9888638372006,518.7136369677495
0.8006682026688909,529.1496397159373,532.7783154754003,533.4194015940158
0.834029336113428,542.2167551920036,546.023021983146,547.572240416507
0.8673904695579651,554.7699794639047,558.7377629601235,561.1818979560701
0.9007516030025022,566.8220150097209,570.9369164353703,574.258469381035
0.9341127364470394,578.3852925842373,582.6344517261089,586.8123336193113
0.9674738698915766,589.4719768550406,593.8439296770151,598.8540933446056
1.0008350033361135,600.0939718810298,604.5785084240989,610.3945211907505
1.0341961367806507,610.2629264475697,614.8509531584494,621.4445116136109
1.0675572702251879,619.9902392694361,624.6736486503087,632.0150378780032
1.100918403669725,629.2870640704991,634.0586135387097,642.117113698454
1.134279537114262,638.1643145473749,643.0175156008474,651.7617591082001
1.1676406705587992,646.6326692230602,651.5616873924232,660.9599701713289
1.2010018040033363,654.7025761955816,659.7021417989657,669.7226921889762
1.2343629374478733,662.3842577859618,667.4495871617929,678.0607960826156
1.2677240708924105,669.6877150892415,674.8144417437795,685.9850576661398
1.3010852043369476,676.6227324318312,681.806847382181,693.5061395441036
1.3344463377814846,683.1988817381323,688.4366822409594,700.6345753964998
1.367807471226022,689.4255268090645,694.713572625737,707.3807564311383
1.4011686046705591,695.3118275149105,700.646903862832,713.754919803322
1.4345297381150963,700.866743904712,706.2458302718094,719.7671388193618
1.4678908715596333,706.0990402342785,711.5192842804228,725.4273147557074
1.5012520050041704,711.017288914751,716.4759847433271,730.7451701393114
1.5346131384487076,715.6298743835521,721.1244445329569,735.7302433474408
1.5679742718932446,719.9449968994536,725.4729774737251,740.3918843966414
1.6013354053377817,723.9706762634266,729.5297046902547,744.7392518010727
1.634696538782319,727.7147554668587,733.3025604376253,748.781310390075
1.6680576722268559,731.184904268642,736.799297477307,752.5268299836935
1.701418805671393,734.3886227026384,740.027492057186,755.984384833048
1.7347799391159302,737.3332445169133,742.9945485483033,759.1623537399801
1.7681410725604672,740.0259405461198,745.7077037850089,762.0689207773835
1.8015022060050043,742.4737220183742,748.17403114941,764.7120765380934
1.8348633394495415,744.6834437979219,750.4004444354874,767.0996198462005
1.868224472894079,746.6618075648456,752.3937015231459,769.2391598702484
1.9015856063386158,748.4153649330617,754.1604078878588,771.1381185829491
1.934946739783153,749.9505205077887,755.7070199674597,772.8037335168925
1.9683078732276902,751.2735348836807,757.0398484040568,774.2430607702217
2.0016690066722274,752.3905275847555,758.1650611759526,775.4629782204481
2.0350301401167643,753.3074799472389,759.0886866318184,776.4701889084824
2.0683912735613013,754.0302379464296,759.8166164371678,777.2712245586064
2.1017524070058387,754.5645149686447,760.3546084413282,777.872449203498
2.1351135404503756,754.9158945293048,760.7082894715936,778.2800628865801
2.1684746738949126,755.0898329381786,760.8831580600084,778.5001054168891
2.20183580733945,755.0916619127978,760.8845871072303,778.5384601543916
2.235196940783987,754.9265911410286,760.7178264871146,778.4008578061864
2.268558074228524,754.5997107937555,760.3880055950314,778.0928802163704
2.3019192076730612,754.1159939886477,759.9001358424146,777.6199641344921
2.335280341117598,753.4802992059078,759.2591130996498,776.9874049495036
2.368641474562135,752.6973726569348,758.4697200890952,776.2003603779368
2.4020026080066725,751.7718506067827,757.5366287297916,775.2638540966997
2.4353637414512095,750.7082616512946,756.4644024352249,774.1827793124031
2.468724874895747,749.5110289497736,755.2574983653673,772.9619022605227
2.502086008340284,748.1844724140226,753.9202696341027,771.6058656289425
2.535447141784821,746.732810854588,752.4569674730587,770.1191919015645
2.568808275229358,745.1601640850187,750.8717433527994,768.5062866186859
2.602169408673895,743.4705549849201,749.1686510622766,766.7714415517495
2.635530542118432,741.6679115226154,747.3516487473963,764.9188377908873
2.6688916755629695,739.7560687381349,745.4246009095191,762.9525487443827
2.702252809007507,737.738770687327,743.3912803646874,760.8765430498123
2.735613942452044,735.6196723477964,741.2553701643463,758.6946873971704
2.768975075896581,733.4023414874149,739.0204654783017,756.410749264744
2.802336209341118,731.0902604960963,736.6900754406453,754.0283995689242
2.835697342785655,728.6868281815433,734.267624959351,751.551215229461
2.8690584762301925,726.195361529648,731.7564564902428,748.9826816519665
2.9024196096747295,723.6190974302068,729.1598317760088,746.3261951296919
2.935780743119267,720.9611943686253,726.480933550928,743.5850651667948
2.969141876563804,718.2247340842365,723.7228672119619,740.7625167254471
3.0025030100083407,715.4127231958915,720.8886624568538,737.8616923992473
3.035864143452878,712.5280947954177,717.9812748898555,734.8856545154636
3.069225276897415,709.5737100095731,715.0035875957055,731.8373871686811
3.102586410341952,706.5523595310981,711.9584126824568,728.7197981884403
3.1359475437864894,703.4667651194284,708.848492793747,725.5357210434503
3.1693086772310264,700.3195810716744,705.6765025910962,722.2879166849301
3.2026698106755633,697.1133956644171,702.4450502067967,718.9790753315982
3.2360309441201007,693.850732566877,699.156678667961,715.6118181987697
3.2693920775646377,690.534052226007,695.8138672922717,712.1886991739573
3.3027532110091746,687.1657532240365,692.4190330559759,708.7122064412995
3.336114344453712,683.7481736089992,688.9745319346518,705.1847640570577
3.369475477898249,680.2835921987584,685.4826602172682,701.6087334783364
3.402836611342786,676.7742298590225,681.9456557940421,697.9864150470933
3.4361977447873233,673.222250755876,678.3656994186008,694.3200494314143
3.4695588782318603,669.6297635832758,674.744915944935,690.6118190259332
3.502920011676397,665.9988227660264,671.0853755396236,686.8638493131872
3.5362811451209346,662.331429638669,667.3890948698072,683.0782101876026
3.5696422785654716,658.6295336007817,663.6580382673694,679.2569172437204
3.6030034120100085,654.8950332491017,659.8941188697836,675.4019330301767
3.636364545454546,651.1297774869546,656.0991997380723,671.5151682708744
3.669725678899083,647.3355666113855,652.2750949523157,667.5984830546953
3.70308681234362,643.5141533784536,648.4235706851392,663.6536879950227
3.7364479457881576,639.6672440470845,644.5463462536047,659.6825453602739
3.7698090792326946,635.796499401904,640.6450951499178,655.686770176564
3.803170212677232,631.9035357554503,636.7214460513567,651.6680313035586
3.836531346121769,627.9899259301689,632.7769838098246,647.6279524845062
3.869892479566306,624.057200220564,628.8132504214133,643.5681133713832
3.9032536130108433,620.1068473359082,624.8317459763648,639.4900505260262
3.9366147464553802,616.1403153238642,620.8339295898078,635.3952583980713
3.969975879899917,612.1590124753919,616.8212203136362,631.2851902804764
4.003337013344455,608.1643082113152,612.7949980298968,627.1612592433487
4.036698146788992,604.1575339508757,608.7566043260368,623.0248390467641
4.0700592802335285,600.1399839626476,604.7073433523682,618.8772650332206
4.103420413678066,596.1129161981304,600.648482662082,614.7198350003332
4.136781547122603,592.0775531083686,596.5812540341585,610.5538100543433
4.17014268056714,588.0350824439222,592.5068542794983,606.3804154449837
4.203503814011677,583.9866580385017,588.4264460305974,602.2008413822145
4.236864947456215,579.9334005766007,584.3411585150888,598.0162438353133
4.270226080900751,575.8763983454141,580.252088313457,593.8277453147822
4.3035872143452885,571.8167079713575,576.1603001012356,589.6364356375128
4.336948347789826,567.7553551414948,572.0668273759863,585.4433726756253
4.370309481234362,563.6933353101404,567.9726731693546,581.2495830893819
4.4036706146789,559.631614390946,563.878810744489,577.0560630445586
4.437031748123437,555.5711294347502,559.7861842791128,572.8637789146364
4.470392881567974,551.5127892934513,555.6957095345198,568.6736679681688
4.503754015012511,547.457475270196,551.6082745107713,564.4866390416573
4.537115148457048,543.4060417561261,547.5247400883618,560.3035731982634
4.570476281901585,539.3593168539775,543.4459406566149,556.125324372669
4.603837415346122,535.31810298874,539.3726847290674,551.9527200023842
4.63719854879066,531.2831775056776,535.3057555460961,547.7865616458015
4.670559682235196,527.2552932559255,531.2459116650325,543.6276255872692
4.703920815679734,523.2351791699089,527.1938875380126,539.4766634294685
4.737281949124271,519.2235408188321,523.1503940777961,535.3344026733522
4.7706430825688075,515.2210609644578,519.1161192117945,531.2015472859065
4.804004216013344,511.22840009741356,515.0917284245327,527.0787782559886
4.837365349457881,507.2461969642452,511.0778652887729,522.9667541384792
4.870726482902419,503.27506908343526,507.075151985522,518.8661115869952
4.904087616346955,499.315613250602,503.08418981313673,514.7774658753879
4.937448749791493,495.36840603309844,499.1055596857421,510.70141140825746
4.97080988323603,491.434004254205,495.1398226211713,506.6385222207035
5.004171016680567,487.5129454671265,491.1875202186304,502.5893524675271
5.037532150125104,483.6057484189977,487.2491751262904,498.55443690209444
5.070893283569641,479.7129135050792,483.32529149900324,494.5342913450716
5.104254417014178,475.83492321335,479.4163554463341,490.52941314322794
5.137615550458715,471.9722425596735,475.5228354711007,486.5402816185077
5.170976683903253,468.12531951373194,471.64518289860575,482.5673585075634
5.204337817347789,464.2945854158959,467.78383229674273,478.61108839193827
5.237698950792327,460.4804553852268,463.93920188715646,474.6718991190836
5.271060084236864,456.6833287187605,460.1116939476329,470.7502022143932
5.3044212176814005,452.9035892822707,456.30169520588953,466.8463932844307
5.337782351125938,449.1416058926543,452.5095772249358,462.9608524115247
5.371143484570476,445.39773269212304,448.73569678016975,459.09394453990274
5.404504618015014,441.6723095143463,444.98039622837086,455.24601985352956
5.43786575145955,437.9656622427165,441.2440038687516,451.41741414581423
5.4712268849040875,434.27810316088414,437.52683429622004,447.60844918134694
5.504588018348625,430.6099312957101,433.8291887470103,443.81943304982167
5.537949151793161,426.96143275280133,430.15135543682743,440.05066051229954
5.571310285237699,423.3328810447566,426.49360989165774,436.30241333996395
5.604671418682236,419.7245374122738,422.8562152713843,432.57496064551515
5.638032552126773,416.1366511382636,419.2394226863538,428.8685592073494
5.67139368557131,412.56945985510055,415.6434715070304,425.1834537866663
5.7047548190158475,409.0231898451467,412.0685896668739,421.51987743764164
5.738115952460384,405.49805633468395,408.5149939585755,417.8780518108046
5.771477085904921,401.9942637813864,404.9828903237818,414.2581874497525
5.804838219349459,398.51200615544985,401.4724741364361,410.6604840813341
5.838199352793995,395.05146721451644,397.98393047986144,407.0851308994322
5.871560486238533,391.6128207725094,394.5174344177099,403.53230684246944
5.90492161968307,388.1962309624943,391.07315125889824,400.0021808647625
5.938282753127607,384.80185249369515,387.65123681664954,396.4949122018477
5.971643886572144,381.42983090277266,384.25183766175564,393.01065062989323
6.005005020016681,378.08030279947957,380.87509137017526,389.54953671931867
6.038366153461218,374.75339610680237,377.5211267650794,386.1117020827341
6.071727286905755,371.4492302957012,374.19006415345353,382.69726961731146
6.105088420350293,368.1679166145555,370.88201555736333,379.3063537416983
6.138449553794829,364.9095583134139,367.5970849399903,375.93906062758134
6.1718106872393665,361.6742508631516,364.3353684265395,372.59548842600645
6.205171820683904,358.46208216964845,361.0969545201211,369.27572748855806
6.2385329541284404,355.273132783063,357.88192431270465,365.9798605834986
6.271894087572978,352.10747610232215,354.69035169124356,362.70796310696994
6.305255221017515,348.965178574903,351.52230353906447,359.4601032893522
6.338616354462052,345.84629989201323,348.37783993261564,356.23634239687664
6.371977487906589,342.75089317925114,345.2570143336655,353.0367349285863
6.4053386213511265,339.67900518283693,342.15987377704135,349.8613288087365
6.438699754795663,336.63067645151034,339.0864590539959,346.71016557472456
6.4720608882402,333.6059415141638,336.03680489128857,343.58328056063806
6.505422021684738,330.60482905331395,333.01094012606484,340.480703076508
6.538783155129274,327.62736207447745,330.0088878766178,337.40245658335107
6.572144288573812,324.6735580715448,327.03066570911295,334.3485588640849
6.605505422018349,321.7434291882203,324.07628580035583,331.319022190398
6.638866555462886,318.8369823756144,321.1457550966788,328.3138534856537
6.672227688907423,315.95421954605615,318.23907546902785,325.3330544839072
6.70558882235196,313.09513772321355,315.35624386431925,322.37662188511166
6.738949955796497,310.2597291885738,312.49725245314414,319.44454750659014
6.772311089241034,307.4479816243761,309.66208877389005,316.53681843084536
6.805672222685572,304.6598782530581,306.8507358733521,313.65341714978143
6.839033356130109,301.89539797328024,304.0631724439022,310.7943217054074
6.872394489574646,299.1545154926057,301.2993729572848,307.959505827093
6.905755623019183,296.43720145689394,298.5593077951056,305.1489390654439
6.93911675646372,293.74342257647606,295.84294337607895,302.36258692286503
6.972477889908257,291.0731417491789,293.15024228009804,299.6004109808751
7.005839023352794,288.4263181802512,290.4811633691906,296.86236902423997
7.039200156797332,285.8029074992638,287.8356619054226,294.14841516198464
7.072561290241868,283.20286187403934,285.2136896658095,291.4584999453487
7.105922423686406,280.6261301216652,282.6151950542955,288.7925704827437
7.139283557130943,278.07265781666075,280.0401232108586,286.1505705517736
7.1726446905754795,275.5423873963403,277.48841611779903,283.53244070837627
7.206005824020017,273.0352582634415,274.9600127032671,280.9381183931432
7.239366957464554,270.5512068860636,272.45484894208556,278.3675380348745
7.272728090909091,268.09016689497565,269.97285795392145,275.8206311514231
7.306089224353628,265.6520691783461,267.5139700988595,273.2973264478844
7.339450357798166,263.23684197394346,265.07811307043056,270.797549912183
7.372811491242702,260.84441095886143,262.66521198614515,268.3212249081097
7.4061726246872395,258.47469933682015,260.27518947558417,265.8682722658598
7.439533758131777,256.12762792308814,257.9079657660951,263.43861037012374
7.472894891576314,253.8031152270779,255.56345876614304,261.0321552457798
7.506256025020852,251.50107753266116,253.24158414636486,258.64882064123606
7.539617158465389,249.22142897625034,250.9422554183728,256.2885181094723
7.5729782919099256,246.9640816226928,248.665384011355,253.95115708682673
7.606339425354463,244.7289455390256,246.41087934651776,251.63664496957517
7.639700558799,242.51592886612957,244.17864890941524,249.34488718834785
7.673061692243537,240.32493788833546,241.9685983202104,247.07578728042907
7.706422825688074,238.15587710101568,239.78063140191125,244.82924695998395
7.739783959132612,236.00864927621552,237.61465024662505,242.60516618625553
7.773145092577148,233.88315552635532,235.4705552798733,240.4034432297755
7.8065062260216855,231.77929536605228,233.34824532300885,238.22397473663082
7.839867359466223,229.6969667721027,231.24761765377673,236.06665579082784
7.87322849291076,227.6360662416592,229.16856806505945,233.93137997479496
7.906589626355297,225.59648884865274,227.11099092184696,231.818039428065
7.939950759799834,223.57812829849,225.07477921647018,229.72652490417605
7.973311893244372,221.580876981068,223.05982462213922,227.6567258258324
8.006673026688908,219.6046260221502,221.06601754482264,225.60853033836196
8.040034160133445,217.64926533313346,219.09324717350808,223.58182536151142
8.073395293577983,215.71468365924963,217.141401528881,221.57649663961527
8.10675642702252,213.8007686262374,215.21036751045995,219.5924287901776
8.140117560467056,211.90740678552285,213.3000309422242,217.62950535090317
8.173478693911594,210.0344836579403,211.41027661677256,215.68760882521585
8.20683982735613,208.18188377604073,209.5409883380473,213.76662072629904
8.240200960800667,206.3494907250102,207.692048962662,211.8664216196968
8.273562094245206,204.53718718224476,205.86334043986656,209.98689116450922
8.306923227689742,202.74485495561333,204.05474385018732,208.12790815321918
8.340284361134279,200.97237502044237,202.26613944277528,206.28935055018505
8.373645494578817,199.21962755526172,200.49740667149936,204.47109552883444
8.407006628023353,197.48649197633986,198.7484242298184,202.67301950759384
8.44036776146789,195.7728469710511,197.01907008446602,200.89499818458864
8.473728894912428,194.07857053010133,195.30922150798415,199.13690657114734
8.507090028356965,192.4035399786525,193.61875511013753,197.39861902414452
8.540451161801501,190.7476320063752,191.94754686824427,195.68000927721593
8.57381229524604,189.11072269646618,190.2954721564555,193.98095047087943
8.607173428690576,187.49268755366168,188.6624057740176,192.30131518159504
8.640534562135112,185.89340153128242,187.04822197255046,190.6409754497973
8.67389569557965,184.31273905734213,185.45279448237508,188.999802806933
8.707256829024187,182.75057405975053,183.87599653792225,187.37766830153666
8.740617962468724,181.20677999064856,182.3177009022567,185.7744425243773
8.773979095913262,179.6812298499019,180.77777989074738,184.18999563270722
8.807340229357798,178.1737962077908,179.2561053939182,182.62419737364738
8.840701362802335,176.684351226925,177.7525488995091,181.07691710673907
8.874062496246873,175.2127666834175,176.2669815137813,179.5480238256954
8.90742362969141,173.75891398734623,174.79927398209767,178.03738617938353
8.940784763135946,172.32266420253924,173.34929670880933,176.5448724920695
8.974145896580485,170.90388806571113,171.9169197764806,175.0703507829567
9.007507030025021,169.50245600498275,170.50201296448276,173.61368878504928
9.04086816346956,168.11823815781605,169.10444576698802,172.1747539633714
9.074229296914096,166.75110438839383,167.7240874103932,170.75341353257286
9.107590430358632,165.40092430447427,166.36080687020498,169.34953447395176
9.14095156380317,164.06756727374977,165.01447288741525,167.96298355192414
9.174312697247707,162.75090243974182,163.68495398439737,166.59362732997084
9.207673830692244,161.4507987372591,162.372118480352,165.24133218609094
9.241034964136782,160.16712490744774,161.07583450633186,163.90596432779134
9.274396097581318,158.89974951246498,159.7959700198743,162.58738980664148
9.307757231025855,157.64854094980006,158.53239281926938,161.28547453242197
9.341118364470393,156.41336746627405,157.2849705574921,160.00008428689532
9.37447949791493,155.19409717174244,156.05357075582543,158.73108473722678
9.407840631359466,153.990598052531,154.83806081720184,157.47834144908322
9.441201764804005,152.80273798462702,153.63830803928914,156.2417198994365
9.474562898248541,151.63038474665532,152.45417962734754,155.02108548909885
9.507924031693078,150.47340603266198,151.2855427068818,153.81630355501562
9.541285165137616,149.33166946472954,150.13226433611536,152.62723938234168
9.574646298582152,148.20504260545175,148.9942115183085,151.4537582163265
9.608007432026689,147.09339297028495,147.87125121394607,150.29572527403226
9.641368565471227,145.99658803980546,146.7632503528162,149.15300575590916
9.674729698915764,144.91449527188675,145.67007584600333,148.02546485725128
9.708090832360302,143.84698211382695,144.591594597816,146.91296777955552
9.741451965804838,142.79391601443754,143.52767351767122,145.81537974180586
9.774813099249375,141.7551644361208,142.4781795319545,144.7325659917041
9.808174232693911,140.73059486694825,141.44297959587516,143.6643918168672
9.84153536613845,139.72007483276178,140.42194070533452,142.61072255601175
9.874896499582986,138.7234719093126,139.41492990882568,141.57142361014388
9.908257633027524,137.74065373445515,138.4218143193795,140.5463604537728
9.941618766472061,136.77148802040966,137.44246112657424,139.53539864616525
9.9749798999166,135.81584256610745,136.47673760862185,138.5384038426571
10.008341033361134,134.87358526963368,135.52451114454553,137.5552418060378
10.041702166805672,133.94458414077653,134.58564922646093,136.58577841802156
10.075063300250209,133.02870731369794,133.6600194719721,135.62987969081894
10.108424433694747,132.1258230597301,132.74748963669347,134.6874117788215
10.141785567139284,131.23579980031352,131.84792762690694,133.75824099041117
10.175146700583822,130.35850612007738,130.96120151236215,132.84223379990345
10.208507834028357,129.49381078007315,130.08717953922834,131.93925685963595
10.241868967472895,128.64158273116814,129.2257301432026,131.0491770122084
10.275230100917431,127.80169112759776,128.37672196278095,130.171861302883
10.30859123436197,126.97400534068538,127.54002385269533,129.3071769921502
10.341952367806506,126.15839497273059,126.71550489752035,128.45499156846537
10.375313501251044,125.35472987106407,125.90303442545053,127.61517276116052
10.40867463469558,124.56288014227393,125.10248202224992,126.78758855353342
10.442035768140117,123.78271616659886,124.31371754537268,125.97210719611638
10.475396901584654,123.0141086124868,123.53661113825424,125.16859722012475
10.508758035029192,122.25692845131739,122.77103324476963,124.37692745108549
10.542119168473729,121.51104697228202,122.01685462385599,123.59696702264371
10.575480301918267,120.77633579741779,121.27394636429449,122.8285853905447
10.608841435362802,120.0526668967884,120.54217989964614,122.07165234678811
10.64220256880734,119.33991260380367,119.82142702333485,121.32603803394956
10.675563702251877,118.63794563067391,119.11155990387036,120.59161295966389
10.708924835696415,117.94663908398421,118.4124511002024,119.86824801126339
10.742285969140953,117.26586648038206,117.72397357719711,119.15581447056393
10.77564710258549,116.59550176236954,117.046000721225,118.45418402878984
10.809008236030026,115.93541931418225,116.37840635584985,117.76322880162864
10.842369369474563,115.28549397775163,115.72106475760692,117.08282134440523
10.875730502919101,114.645601068728,115.07385067185747,116.4128346673644
10.909091636363637,114.01561639255928,114.43663932870682,115.75314225105014
10.942452769808176,113.39541626060522,113.8093064589719,115.10361806176877
10.975813903252712,112.7848775062757,113.19172831018417,114.46413656712319
11.00917503669725,112.1838775011768,112.58378166261252,113.8345727516038
11.042536170141785,111.59229417124912,111.98534384529118,113.21480213222227
11.075897303586324,111.01000601288034,111.39629275203643,112.60470077417247
11.10925843703086,110.43689210898063,110.8165068574362,112.00414530650376
11.142619570475398,109.87283214499719,110.24586523279552,111.41301293779023
11.175980703919935,109.31770642485805,109.68424756202157,110.83118147177987
11.209341837364473,108.77139588682152,109.13153415743079,110.25852932300685
11.242702970809008,108.23378211921947,108.58760597546112,109.69493553235023
11.276064104253546,107.70474737607377,108.05234463227191,109.14027978252177
11.309425237698083,107.18417459256948,107.52563241921433,108.59444241346586
11.342786371142621,106.67194740036686,107.00735231815472,108.05730443765384
11.376147504587157,106.16795014273822,106.4973880166337,107.52874755525555
11.409508638031696,105.6720678895064,105.99562392284392,107.00865416917064
11.44286977147623,105.18418645177579,105.50194518040935,106.49690739990217
11.476230904920769,104.7041923964311,105.01623768294928,105.9933911002555
11.509592038365305,104.23197306039398,104.53838808841068,105.49798986984503
11.542953171809843,103.76741656462019,104.06828383315249,105.01058906939221
11.57631430525438,103.31041182781821,103.60581314576625,104.53107483479813
11.609675438698918,102.86084857987676,103.15086506061719,104.05933409097435
11.643036572143453,102.4186173749908,102.7033294310913,103.59525456541598
11.676397705587991,101.98360960446176,102.26309694253341,103.13872480150162
11.709758839032528,101.5557175091674,101.83005912486233,102.68963417150486
11.743119972477066,101.13483419168449,101.40410836484993,102.24787288930291
11.776481105921603,100.72085362805342,100.9851379180508,101.81333202276812
11.80984223936614,100.31367067916857,100.57304192037036,101.38590350582862
11.843203372810676,99.91318110178975,100.16771539926009,100.96548015018568
11.876564506255214,99.51928155916077,99.76905428452852,100.55195565667475
11.90992563969975,99.13186963122287,99.37695541875777,100.14522462625885
11.943286773144289,98.75084382441992,98.99131656731619,99.74518257064304
11.976647906588825,98.37610358108248,98.61203642795812,99.35172592249977
12.010009040033363,98.0075492883823,98.23901464000264,98.9647520452951
12.043370173477898,97.64508228685727,97.87215179308394,98.58415924270716
12.076731306922436,97.28860487849052,97.51134943546653,98.20984676762825
12.110092440366973,96.93802033434669,97.15651008191948,97.84171483074338
12.143453573811511,96.59323290175789,96.80753722114468,97.47966460867823
12.176814707256048,96.25414781105314,96.46433532275437,97.12359825171066
12.210175840700586,95.92067128183243,96.12680984379462,96.77341889104044
12.24353697414512,95.59271052877988,95.79486723481156,96.42903064561273
12.276898107589659,95.27017376701514,95.46841494545872,96.09033862849151
12.310259241034196,94.95297021698379,95.14736142964331,95.75724895277993
12.343620374478734,94.64101010888251,94.8316161502113,95.42966873708558
12.37698150792327,94.33420468662446,94.5210895831713,95.10750611052855
12.410342641367809,94.03246621134346,94.21569322145743,94.79067021729213
12.443703774812343,93.73570796443721,93.91533957823316,94.47907122071572
12.477064908256882,93.44384425015585,93.61994218973776,94.17262030693041
12.510426041701418,93.15679039773599,93.32941561767811,93.87122968803888
12.543787175145956,92.8744627630846,93.04367545116932,93.57481260484103
12.577148308590493,92.5967787300187,92.7626383082278,93.28328332910867
12.610509442035031,92.32365671106271,92.48622183682139,92.99655716541139
12.643870575479566,92.0550161478111,92.21434471548154,92.71455045249859
12.677231708924104,91.79077751086317,91.94692665348303,92.43718056424095
12.71059284236864,91.53086229933191,91.6838883905974,92.16436591013714
12.743953975813179,91.27519303993853,91.42515169642625,91.89602593539055
12.777315109257716,91.02369328569823,91.17063936932192,91.63208112056249
12.810676242702254,90.7762876142035,90.92027523490239,91.3724529808077
12.844037376146792,90.53290162551549,90.67398414416866,91.11706406469987
12.877398509591327,90.2934619396695,90.43169197123213,90.86583795265369
12.910759643035865,90.05789619380464,90.19332561066133,90.61869925495144
12.944120776480402,89.82613303892754,89.95881297445594,90.37557360938234
12.97748190992494,89.59810213631694,89.7280829886578,90.13638767850274
13.010843043369476,89.37373415357938,89.50106558960793,89.90106914652637
13.044204176814015,89.15296076036883,89.2776917198593,89.6695467158529
13.07756531025855,88.93571462377668,89.05789332375522,89.44175010324503
13.110926443703088,88.721929403401,88.84160334268287,89.21761003566279
13.144287577147624,88.51153974611182,88.62875571001301,88.99705824576544
13.177648710592162,88.30448128051452,88.41928534573513,88.78002746709042
13.211009844036699,88.10069061112982,88.21312815079922,88.56645142891973
13.244370977481237,87.90010531229268,88.0102210011741,88.35626485084381
13.277732110925772,87.70266392178918,87.81050174163336,88.14940343703331
13.31109324437031,87.50830593423431,87.61390917927895,87.94580387022927
13.344454377814847,87.31697179420777,87.42038307681355,87.74540380546193
13.377815511259385,87.1286028891525,87.22986414557207,87.5481418635091
13.411176644703922,86.94314154205264,87.0422940383228,87.35395762410434
13.44453777814846,86.76053100389593,86.85761534184917,87.16279161890567
13.477898911592995,86.58071544593484,86.67577156932228,86.97458532423542
13.511260045037533,86.40363995175468,86.49670715247471,86.78928115360169
13.54462117848207,86.22925050916045,86.32036743358633,86.60682245001183
13.577982311926608,86.05749400189114,86.14669865729182,86.42715347808861
13.611343445371144,85.88831820117478,85.9756479622208,86.25021941599914
13.644704578815682,85.72167175712801,85.80716337247985,86.07596634720707
13.678065712260217,85.55750419001826,85.64119378898702,85.90434125205796
13.711426845704755,85.39576588139057,85.47768898066808,85.73529199920802
13.744787979149292,85.23640806507363,85.31659957552446,85.56876733690605
13.77814911259383,85.07938281807247,85.1578770515824,85.40471688413834
13.811510246038367,84.92464305135586,85.00147372773193,85.24309112164607
13.844871379482905,84.77214250055117,84.84734275446593,85.08384138282484
13.87823251292744,84.62183571655034,84.6954381045269,84.92691984451508
13.911593646371978,84.47367805603986,84.54571456347108,84.77227951769319
13.944954779816515,84.3276256719612,84.39812772015819,84.61987423807165
13.978315913261053,84.1836355039089,84.25263395717467,84.46965865661679
14.01167704670559,84.04166526847847,84.10919044119916,84.32158822999341
14.045038180150128,83.90167344956411,83.96775511331768,84.1756192109437
14.078399313594662,83.76361928862481,83.8282866792962,84.03170863860886
14.1117604470392,83.62746277491435,83.69074459981832,83.88981432880153
14.145121580483737,83.49316463568908,83.55508908069473,83.74989486423628
14.178482713928275,83.36068632640212,83.42128106305222,83.61190958472561
14.211843847372812,83.22999002088396,83.28928221350812,83.4758185773492
14.24520498081735,83.1010386015206,83.15905491433747,83.34158266660252
14.278566114261885,82.97379564943408,83.03056225363885,83.20916340453239
14.311927247706423,82.8482254346736,82.90376801550497,83.07852306086524
14.34528838115096,82.72429290641573,82.77863667020388,82.94962461313524
14.378649514595498,82.60196368319068,82.65513336437692,82.82243173681749
14.412010648040035,82.48120404312836,82.53322391125792,82.69690879547292
14.445371781484573,82.36198091423782,82.41287478091978,82.57302083090978
14.478732914929108,82.24426186471983,82.29405309055284,82.450733553368
14.512094048373646,82.1280150933199,82.17672659478006,82.33001333173065
14.545455181818182,82.01320941972519,82.06086367601348,82.21082718376846
14.57881631526272,81.89981427500821,81.9464333348565,82.09314276642124
14.612177448707257,81.78779969212687,81.83340518055587,81.97692836612156
14.645538582151795,81.67713629647461,81.72174942150751,81.86215288916458
14.67889971559633,81.56779529649612,81.61143685581999,81.74878585212821
14.712260849040868,81.45974847436214,81.50243886193904,81.63679737234779
14.745621982485405,81.35296817671306,81.39472738933662,81.52615815844882
14.778983115929943,81.24742730547072,81.28827494926772,81.41683950094118
14.81234424937448,81.14309930872346,81.18305460559783,81.30881326287883
14.845705382819018,81.03995817168523,81.07903996570404,81.20205187058733
14.879066516263553,80.93797840773536,80.97620517145224,81.09652830446285
14.912427649708091,80.83713504953333,80.8745248902532,80.99221608984512
14.94578878315263,80.73740364022083,80.77397430619962,80.88908928796712
14.979149916597166,80.63876022470559,80.67452911128643,80.7871224869842
15.012511050041704,80.54118134103237,80.57616549671636,80.68629079308431
15.04587218348624,80.44464401184133,80.47886014429251,80.58656982168249
15.079233316930779,80.3491257359175,80.38259021790007,80.48793568870055
15.112594450375314,80.25460447983058,80.28733335507818,80.39036500193484
15.145955583819852,80.1610586696667,80.19306765868382,80.29383485251302
15.179316717264388,80.06846718285571,80.09977168864896,80.19832280644177
15.212677850708927,79.97680934009227,80.00742445383206,80.10380689624701
15.246038984153463,79.8860648973538,79.91600540396514,80.01026561270764
15.279400117598001,79.79621403801414,79.82549442169703,79.91767789668413
15.312761251042536,79.70723736505508,79.73587181473434,79.82602313104307
15.346122384487074,79.6191158933779,79.64711830808,79.73528113267865
15.379483517931611,79.53183104221078,79.55921503637079,79.6454321446317
15.41284465137615,79.44536462761947,79.47214353631381,79.5564568283073
15.446205784820686,79.3596988551132,79.38588573922263,79.46833625579123
15.479566918265224,79.27481631235273,79.30042396365339,79.38105190226628
15.512928051709759,79.190699961961,79.21574090814104,79.29458563852823
15.546289185154297,79.1073331344295,79.13181964403596,79.20891972360246
15.579650318598834,79.0246995211273,79.04864360844101,79.1240367974609
15.613011452043372,78.94278316741133,78.96619659724888,79.03991987383966
15.646372585487908,78.86156846583454,78.8844627582801,78.95655233315786
15.679733718932447,78.78104014945544,78.80342658452088,78.87391791553662
15.713094852376981,78.70118328524772,78.7230729074613,78.79200071391938
15.74645598582152,78.62198326760783,78.6433868905331,78.71078516729233
15.779817119266056,78.54342581196249,78.56435402264682,78.63025605400554
15.813178252710594,78.46549694847562,78.48596011182809,78.55039848519395
15.846539386155131,78.3881830158514,78.40819127895244,78.4711978982982
15.87990051959967,78.31147065523757,78.33103395157825,78.39264005068479
15.913261653044204,78.23534680422311,78.25447485787711,78.3147110133652
15.946622786488742,78.1597986909343,78.1785010206613,78.23739716481332
15.979983919933279,78.08481382822532,78.10309975150759,78.16068518488086
16.01334505337782,78.01038000796623,78.0282586449765,78.08456204880991
16.04670618682235,77.93648529542111,77.95396557292686,78.00901502134221
16.080067320266892,77.86311802372417,77.88020867892416,77.93403165092431
16.11342845371143,77.7902667884469,77.8069763727427,77.85959976400814
16.146789587155965,77.7179204422556,77.73425732496013,77.78570745944579
16.1801507206005,77.64606808966393,77.66204046164393,77.7123431029783
16.21351185404504,77.57469908187035,77.59031495912862,77.63949532181707
16.246872987489574,77.50380301169157,77.51907023888336,77.56715299931763
16.280234120934114,77.43336970857739,77.44829596246817,77.49530526974434
16.31359525437865,77.36338923371947,77.37798202657885,77.42394151312554
16.346956387823187,77.29385187524093,77.30811855817888,77.353051350198
16.380317521267724,77.22474814347682,77.23869590971766,77.28262463743995
16.413678654712264,77.15606876633456,77.16970465443406,77.21265146219145
16.447039788156797,77.08780468474124,77.1011355817443,77.1431221378614
16.480400921601337,77.01994704817191,77.03297969271314,77.07402719922008
16.513762055045873,76.95248721025916,76.96522819560734,77.00535739777618
16.54712318849041,76.88541672448517,76.89787250153037,76.93710369723745
16.580484321934946,76.81872733994976,76.83090422013741,76.86925726905375
16.613845455379487,76.75241099722153,76.76431515542937,76.80180948804176
16.64720658882402,76.68645982426182,76.69809730162534,76.7347519280899
16.68056772226856,76.62086613242799,76.63224283911178,76.66807635794285
16.713928855713096,76.55562241255045,76.56674413046801,76.60177473706429
16.747289989157633,76.49072133108471,76.5015937165665,76.53583921157697
16.78065112260217,76.42615572633676,76.43678431274726,76.47026211027901
16.81401225604671,76.36191860475871,76.37230880506466,76.4050359407353
16.847373389491242,76.29800313731897,76.30816024660676,76.34015338544319
16.880734522935782,76.23440265593796,76.24433185388449,76.27560729807087
16.91409565638032,76.17111064999688,76.18081700329131,76.2113906997681
16.947456789824855,76.10812076291128,76.11760922763091,76.14749677554764
16.98081792326939,76.04542678877378,76.05470221271283,76.08391887073654
17.01417905671393,75.98302266906072,75.99208979401439,76.02065048749621
17.047540190158465,75.9209024894048,75.92976595340826,75.9576852814104
17.080901323603005,75.85906047643081,75.86772481595425,75.89501705813959
17.11426245704754,75.79749099465445,75.80596064675488,75.83263977014114
17.147623590492078,75.73618854344207,75.74446784787295,75.77054751345428
17.180984723936618,75.6751477540321,75.6832409553106,75.70873452454818
17.214345857381154,75.61436338661571,75.62227463604899,75.64719517723294
17.24770699082569,75.55383032747537,75.56156368514698,75.58592397963207
17.281068124270227,75.49354358618297,75.50110302289823,75.52491557121526
17.314429257714764,75.43349829285214,75.44088769204608,75.46416471989079
17.3477903911593,75.37368969544805,75.38091285505413,75.40366631915644
17.38115152460384,75.31411315715233,75.32117379143293,75.343415385308
17.414512658048377,75.25476415377987,75.26166589512076,75.28340705470413
17.447873791492913,75.19563827124963,75.20238467191794,75.22363658108681
17.48123492493745,75.136731203109,75.14332573697403,75.16409933295652
17.514596058381986,75.07803874810449,75.08448481232625,75.10479079100107
17.547957191826523,75.01955680780898,75.02585772448911,75.04570654557689
17.581318325271063,74.96128138429233,74.96744040209342,74.98684229424245
17.6146794587156,74.90320857784398,74.90922887357455,74.92819383934224
17.648040592160136,74.84533458474104,74.85121926490865,74.86975708564091
17.681401725604672,74.78765569506447,74.79340779739599,74.81152803800624
17.71476285904921,74.73016829055965,74.73579078549066,74.75350279914052
17.748123992493746,74.67286884254209,74.67836463467584,74.69567756735898
17.781485125938286,74.61575390984821,74.62112583938335,74.63804863441483
17.814846259382822,74.55882013682785,74.56407098095737,74.5806123833696
17.84820739282736,74.50206425138056,74.50719672566089,74.52336528650858
17.881568526271895,74.44548306303246,74.45049982272441,74.4663039032997
17.91492965971643,74.38907346105385,74.39397710243591,74.4094248783958
17.948290793160968,74.33283241261856,74.3376254742716,74.35272493967899
17.981651926605508,74.2767569610001,74.28144192506616,74.29620089634656
18.015013060050045,74.22084422380787,74.2254235172223,74.2398496370374
18.04837419349458,74.16509139126117,74.1695673869585,74.18366812799843
18.081735326939118,74.10949572449995,74.11387074259424,74.12765341129021
18.115096460383654,74.05405455393114,74.05833086287211,74.07180260303072
18.14845759382819,73.99876527761201,74.00294509531615,74.01611289167698
18.18181872727273,73.94362535966711,73.94771085462524,73.96058153634337
18.215179860717267,73.88863232874081,73.89262562110166,73.90520586515632
18.248540994161804,73.83378377648214,73.83768693911323,73.84998327364436
18.28190212760634,73.77907735606318,73.78289241558906,73.79491122316291
18.315263261050877,73.72451078072952,73.72823971854794,73.73998723935338
18.348624394495413,73.6700818223823,73.6737265756588,73.68520891063534
18.381985527939953,73.61578831019105,73.61935077283232,73.63057388673168
18.41534666138449,73.56162812923813,73.5651101528437,73.57607987722598
18.448707794829026,73.50759921918997,73.51100261398524,73.52172465015096
18.482068928273563,73.45369957300105,73.45702610874874,73.46750603060815
18.5154300617181,73.39992723564359,73.40317864253653,73.4134218994175
18.548791195162636,73.34628030286719,73.3494582724012,73.35947019179682
18.582152328607176,73.29275691998347,73.29586310581283,73.30564889606997
18.615513462051712,73.23935528068112,73.24239129945356,73.25195605240367
18.64887459549625,73.18607362586361,73.18904105803887,73.19838975157204
18.682235728940785,73.13291024251411,73.13581063316485,73.14494813374851
18.715596862385322,73.07986346258707,73.08269832218106,73.0916293873243
18.74895799582986,73.02693166192132,73.02970246708858,73.03843174775312
18.7823191292744,72.97411325918061,72.97682145346249,72.98535349642165
18.815680262718935,72.92140671481573,72.9240537093982,72.93239295954481
18.84904139616347,72.86881053004976,72.87139770448168,72.87954850708589
18.882402529608008,72.8163232458885,72.81885194878241,72.82681855170057
18.915763663052545,72.7639434421495,72.76641499186898,72.7742015477046
18.94912479649708,72.71166973651589,72.71408542184685,72.72169599006466
18.98248592994162,72.65950078360959,72.66186186441756,72.66930041341142
19.015847063386158,72.60743527408634,72.60974298195931,72.61701339107529
19.049208196830694,72.55547193375094,72.55772747262813,72.56483353414336
19.08256933027523,72.50360952269291,72.50581406947934,72.51275949053776
19.115930463719767,72.45184683444045,72.45400153960885,72.46078994411482
19.14929159716431,72.4001826951349,72.40228868331403,72.4089236137844
19.182652730608844,72.34861596272307,72.35067433327336,72.35715925264923
19.21601386405338,72.29714552616794,72.29915735374495,72.30549564716368
19.24937499749792,72.24577030467971,72.24773663978314,72.25393161631156
19.282736130942457,72.19448924695888,72.19641111647292,72.20246601080265
19.316097264386997,72.14330133046312,72.14517973818192,72.15109771228748
19.34945839783153,72.09220556068561,72.09404148782937,72.09982563258983
19.382819531276066,72.04120097045374,72.04299537617172,72.04864871295693
19.416180664720606,71.9902866192409,71.9920404411048,71.99756592332658
19.449541798165143,71.93946159249671,71.94117574698193,71.94657626161116
19.48290293160968,71.88872500098967,71.89040038394744,71.895678752998
19.516264065054216,71.83807598016813,71.83971346728579,71.8448724492656
19.549625198498756,71.7875136895341,71.78911413678576,71.79415642811584
19.582986331943292,71.73703731203084,71.73860155611875,71.74352979252127
19.616347465387825,71.68664605344688,71.68817491223228,71.69299167008764
19.649708598832365,71.636339141832,71.63783341475657,71.64254121243081
19.683069732276902,71.5861158269278,71.58757629542569,71.59217759456845
19.716430865721442,71.5359753796099,71.53740280751158,71.54190001432539
19.749791999165975,71.48591709134574,71.48731222527144,71.49170769175302
19.78315313261051,71.43594027366214,71.43730384340795,71.44159986856198
19.81651426605505,71.38604425762783,71.38737697654199,71.39157580756809
19.849875399499588,71.33622839334542,71.33753095869774,71.34163479215107
19.883236532944125,71.28649204945796,71.28776514279971,71.291776125726
19.91659766638866,71.23683461266546,71.23807890018162,71.24199913122685
19.9499587998332,71.18725548725243,71.18847162010664,71.19230315060234
19.983319933277738,71.13775409462694,71.13894270929912,71.14268754432341
20.01668106672227,71.0883298728727,71.08949159148698,71.09315169090218
20.05004220016681,71.03898227630674,71.04011770695521,71.04369498642227
20.083403333611347,70.98971077505307,70.99082051210964,70.9943168440802
20.116764467055887,70.94051485462204,70.94159947905102,70.9450166937373
20.15012560050042,70.89139401550199,70.89245409515925,70.8957939814825
20.183486733944957,70.8423477727606,70.84338386268746,70.84664816920508
20.216847867389497,70.79337565565359,70.79438829836556,70.79757873417789
20.250209000834033,70.7444772072453,70.74546693301329,70.74858516864995
20.28357013427857,70.69565198403767,70.69661931116242,70.69966697944912
20.316931267723106,70.64689955560605,70.64784499068803,70.6508236875939
20.350292401167646,70.59821950424568,70.5991435424485,70.60205482791459
20.383653534612183,70.54961142462749,70.55051454993391,70.55335994868334
20.417014668056716,70.5010749234591,70.50195760892333,70.50473861125316
20.450375801501256,70.45260961915642,70.45347232714975,70.45619038970528
20.483736934945792,70.40421514152187,70.40505832397335,70.40771487050526
20.517098068390332,70.35589113143178,70.35671523006268,70.35931165216701
20.550459201834865,70.3076372405291,70.3084426870832,70.31098034492501
20.583820335279402,70.25945313092595,70.26024034739363,70.26272057041444
20.617181468723942,70.21133847491133,70.21210787374943,70.21453196135877
20.65054260216848,70.16329295466677,70.16404493901351,70.16641416126515
20.683903735613015,70.11531626198963,70.11605122587397,70.11836682412691
20.71726486905755,70.06740809802162,70.06812642656863,70.07038961413325
20.75062600250209,70.01956817298431,70.02027024261615,70.02248220538621
20.783987135946628,69.97179620592277,69.97248238455403,69.9746442816241
20.81734826939116,69.92409192445214,69.9247625716825,69.9268755359519
20.8507094028357,69.8764550645144,69.8771105318151,69.87917567057815
20.884070536280237,69.82888537013768,69.82952600103515,69.83154439655819
20.917431669724778,69.78138259320284,69.78200872345806,69.78398143354366
20.95079280316931,69.73394649321644,69.73455845099976,69.73648650953822
20.984153936613847,69.6865768370885,69.68717494315061,69.68905936065906
21.017515070058387,69.63927339891545,69.63985796675495,69.64169973090434
21.050876203502924,69.59203595976898,69.59260729579606,69.59440737192647
21.08423733694746,69.5448643074906,69.54542271118642,69.5471820428107
21.117598470391997,69.4977582364895,69.49830400056322,69.50002350985928
21.150959603836537,69.45071754754777,69.4512509580889,69.45293154638108
21.184320737281073,69.40374204762867,69.40426338425657,69.4059059324861
21.217681870725606,69.35683154969057,69.35734108570043,69.35894645488544
21.251043004170146,69.30998587250528,69.31048387501075,69.31205290669584
21.284404137614683,69.26320484048084,69.26369157055366,69.26522508724936
21.317765271059223,69.2164882834887,69.2169639962953,69.21846280190775
21.351126404503756,69.16983603669603,69.17030098163036,69.17176586188128
21.384487537948292,69.12324794040103,69.12370236121511,69.12513408405232
21.417848671392832,69.07672383987246,69.07716797480442,69.07856729080316
21.45120980483737,69.03026358519573,69.03069766709311,69.03206530984832
21.48457093828191,68.98386703111872,68.98429128756108,68.98562797407084
21.51793207172644,68.93753403690467,68.93794869032259,68.93925512136299
21.551293205170982,68.89126446618832,68.8916697339792,68.89294659447071
21.58465433861552,68.8450581868342,68.84545428147658,68.8467022408422
21.61801547206006,68.79891507080063,68.79930219996479,68.8005219124802
21.65137660550459,68.75283499400607,68.7532133606625,68.75440546579819
21.684737738949128,68.70681783619797,68.70718763872415,68.70835276147999
21.718098872393668,68.66086348082703,68.6612249131111,68.66236366434326
21.751460005838204,68.61497181492348,68.61532506646562,68.61643804320626
21.784821139282737,68.56914272897698,68.56948798498851,68.57057577075813
21.818182272727277,68.52337611681915,68.5237135583196,68.52477672343238
21.851543406171814,68.47767187550996,68.47800167942145,68.47904078128393
21.884904539616354,68.43202990522603,68.43235224446624,68.43336782786886
21.918265673060887,68.38645010915229,68.3867651527254,68.3877577501278
21.951626806505427,68.34093239337786,68.34124030646211,68.3422104382719
21.984987939949963,68.29547666679223,68.29577761082683,68.29672578567208
22.018349073394504,68.25008284098541,68.2503769737554,68.25130368875092
22.051710206839036,68.20475083015158,68.20503830586989,68.20594404687763
22.085071340283573,68.15948055099317,68.15976152038209,68.16064676226551
22.118432473728113,68.11427192263025,68.11454653299953,68.11541173987239
22.15179360717265,68.06912486650876,68.06939326183391,68.07023888730339
22.185154740617183,68.02403930631608,68.02430162731228,68.02512811471655
22.218515874061723,67.97901516789295,67.9792715520902,67.98007933473073
22.25187700750626,67.93405237915304,67.93430296096751,67.93509246233606
22.2852381409508,67.88915087000154,67.88939578080625,67.89016741480678
22.318599274395332,67.84431057225777,67.8445499404509,67.84530411161646
22.351960407839872,67.79953141957732,67.79976537065062,67.80050247435531
22.38532154128441,67.75481334738019,67.7550420039837,67.75576242664998
22.41868267472895,67.71015629277747,67.71037977478417,67.7110838940853
22.45204380817348,67.66556019450198,67.66577861907027,67.66646680412828
22.485404941618018,67.62102499283853,67.62123847447484,67.62191108605406
22.51876607506256,67.57655062956056,67.57675928017792,67.57741667087399
22.552127208507095,67.53213704786315,67.53234097684087,67.53298349126574
22.585488341951628,67.48778419230226,67.48798350654255,67.48861148150502
22.618849475396168,67.44349200873265,67.44368681271713,67.44430057739956
22.652210608840704,67.39926044424924,67.39945084009389,67.40005071622464
22.685571742285244,67.35508944713028,67.35527553463834,67.35586183666057
22.718932875729777,67.31097896678038,67.31116084349529,67.3117338787319
22.752294009174317,67.26692895367707,67.2671067149335,67.26766678374818
22.785655142618854,67.22293935931836,67.22311309829176,67.22366049424657
22.819016276063394,67.17901013617026,67.17917994392673,67.17971495393604
22.852377409507927,67.13514123761966,67.13530720316196,67.13583010764293
22.885738542952463,67.09133261792235,67.09149482823882,67.0920059012585
22.919099676397003,67.04758423215978,67.04774277226839,67.04824228168745
22.95246080984154,67.00389603619178,67.00405098918516,67.00453919679836
22.985821943286076,66.96026798661286,66.96041943370172,66.96089659537532
23.019183076730613,66.9167000407088,66.91684806126503,66.91731442707098
23.05254421017515,66.87319215641602,66.873336828014,66.87379264236104
23.08590534361969,66.82974429228081,66.82988569073808,66.83033119250004
23.119266477064222,66.78635640742046,66.78649460683738,66.78693002947853
23.152627610508763,66.74302846148458,66.7431635342837,66.74358910598117
23.1859887439533,66.69976041461979,66.6998924315831,66.70030837534661
23.21934987739784,66.65655222743221,66.65668125773917,66.65708779152807
23.252711010842372,66.61340386095482,66.61352997221785,66.61392730905544
23.28607214428691,66.5703152766124,66.57043853491297,66.57082688299826
23.31943327773145,66.52728643619056,66.52740690611313,66.52778646893012
23.352794411175985,66.4843173018025,66.48443504646937,66.48480602289382
23.38615554462052,66.44140783586032,66.4415229169641,66.44188550136789
23.419516678065058,66.39855800104468,66.3986704788808,66.39902486123391
23.452877811509595,66.35576776027648,66.35587769377477,66.35622405974493
23.486238944954135,66.31303707668913,66.31314452344482,66.31348305449502
23.51960007839867,66.27036591360165,66.27047092990587,66.27080180338955
23.552961211843208,66.22775423449357,66.22785687536242,66.2281802646165
23.586322345287744,66.18520200297912,66.18530232218275,66.18561839661872
23.619683478732284,66.14270918278353,66.14280723287439,66.14311615806704
23.65304461217682,66.10027573771954,66.10037157005982,66.10067350783427
23.686405745621354,66.05790163166459,66.05799529645348,66.05829040497005
23.719766879065894,66.01558682853943,66.01567837483924,66.01596680867644
23.75312801251043,65.97333129228682,65.97342076804873,65.9737026782845
23.78648914595497,65.93113498685145,65.93122243894058,65.93149797323139
23.819850279399503,65.88899787615972,65.88908335038,65.88935265303846
23.85321141284404,65.84691992410127,65.84700346521946,65.8472666772901
23.88657254628858,65.80490109451112,65.8049827462798,65.805240005613
23.919933679733116,65.76294135115096,65.76302115633214,65.76327259765654
23.953294813177653,65.72104065769334,65.72111865808039,65.72136441307353
23.98665594662219,65.67919897770412,65.67927521414431,65.67951541150182
24.02001708006673,65.6374162746278,65.63749078704335,65.6377255525465
24.053378213511266,65.5956925117722,65.59576533918107,65.5959947957627
24.0867393469558,65.55402765229337,65.55409883282994,65.55432310063905
24.12010048040034,65.51242165918197,65.51249123011698,65.51271042658173
24.153461613844875,65.4708744952491,65.47094249300976,65.47115673289919
24.186822747289416,65.42938612311521,65.42945258330305,65.42966197878724
24.22018388073395,65.38795650519474,65.38802146260596,65.38822612331492
24.253545014178485,65.34658560368727,65.34664909232959,65.34684912541083
24.286906147623025,65.30527338056442,65.30533543367513,65.30553094384983
24.32026728106756,65.26401979755802,65.2640804476226,65.26427153724066
24.353628414512098,65.22282481615193,65.22288409491989,65.22307086401354
24.386989547956635,65.1816883975705,65.18174633607225,65.18192888240863
24.420350681401175,65.140610502769,65.14066713133246,65.14084555046495
24.45371181484571,65.09959109242482,65.09964644069122,65.09982082600946
24.487072948290244,65.05863012692875,65.05868422386794,65.05885466664701
24.520434081734784,65.01772756637592,65.01778044030213,65.01794702975032
24.55379521517932,64.97688337055907,64.97693504914506,64.97709787245076
24.58715634862386,64.93609749895954,64.93614800925177,64.93630715162918
24.620517482068394,64.89536991074137,64.89541927917361,64.89557482390751
24.65387861551293,64.85470056474328,64.85474881715103,64.85490084564044
24.68723974895747,64.8140894194731,64.81413658110672,64.81428517290766
24.720600882402007,64.77353643310087,64.77358252863924,64.77372776150644
24.753962015846543,64.73304156345384,64.73308661701674,64.73322856694448
24.78732314929108,64.6926047680099,64.69264880317127,64.69278754443322
24.82068428273562,64.65222600389345,64.65226904369328,64.6524046488815
24.854045416180156,64.61190522786947,64.61194729482644,64.61207983488946
24.88740654962469,64.57164239634005,64.5716835124627,64.57181305674278
24.92076768306923,64.53143746533888,64.53147765213784,64.5316042684073
24.954128816513766,64.49129039052883,64.49132966902707,64.49145342352392
24.987489949958306,64.45120112719574,64.45123951794105,64.45136047540372
25.02085108340284,64.41116963024773,64.41120715332221,64.41132537702345
25.05421221684738,64.37119585420973,64.37123252924111,64.37134808102132
25.087573350291915,64.3312797532221,64.3313155993934,64.33142853969296
25.120934483736452,64.29142128103639,64.2914563170967,64.29156670498774
25.15429561718099,64.25162039101396,64.25165463528788,64.25176252850527
25.187656750625525,64.21187703612335,64.21191050652057,64.21201596149218
25.221017884070065,64.17219116893801,64.17222388296287,64.17232695483922
25.2543790175146,64.13256274163463,64.13259471639526,64.13269545907843
25.287740150959134,64.09299170599189,64.09302295820875,64.09312142438067
25.321101284403674,64.05347801338755,64.05350855940328,64.0536048005533
25.35446241784821,64.01402161479936,64.01405147058614,64.01414553703815
25.38782355129275,63.974622460802046,63.97465164197083,63.974743582909575
25.421184684737284,63.9352805015678,63.935309023375915,63.93539888687286
25.454545818181824,63.89599568686461,63.89602356422417,63.89611139726268
25.48790695162636,63.856767966056196,63.856795213541865,63.856881062041836
25.521268085070897,63.817597288101716,63.81762391995822,63.81770782880017
25.554629218515434,63.77848360155557,63.77850963170494,63.77859164475359
25.58799035195997,63.73942685456645,63.739452296616115,63.73953245674339
25.62135148540451,63.70042699487908,63.700451862128084,63.70053021123555
25.654712618849047,63.66148396983291,63.66150827527955,63.66158485432043
25.688073752293587,63.6225977263638,63.62262148271177,63.62269633171244
25.72143488573812,63.58376821100292,63.583791430669,63.58386458874989
25.754796019182656,63.54499536987928,63.54501806499885,63.54508957039508
25.788157152627196,63.5062791487191,63.50630133115306,63.506371221234424
25.821518286071733,63.46761949284739,63.46764117418822,63.467709485478785
25.85487941951627,63.42901634718896,63.42903753876662,63.42910430696392
25.888240552960806,63.39046965626923,63.3904903691573,63.390555629150995
25.921601686405342,63.351979364215374,63.35199960923708,63.35206339512731
25.954962819849882,63.313545414758586,63.31356520249192,63.31362754760714
25.988323953294415,63.275167751234164,63.27518709201813,63.275248028932594
26.021685086738955,63.23684631658461,63.236865220523846,63.23692478107473
26.055046220183492,63.19858105335986,63.19859953033058,63.198657745634605
26.088407353628032,63.16037190371998,63.16038996337487,63.16044686384466
26.121768487072565,63.12221880943653,63.12223646120989,63.12229207656991
26.1551296205171,63.08412171189477,63.08413896500739,63.084193324309545
26.18849075396164,63.04608055209538,63.046097415559515,63.046150547198344
26.221851887406178,63.00809527065717,63.008111753280836,63.00816368500841
26.255213020850714,62.97016580781799,62.97018191821031,62.970232677150804
26.28857415429525,62.93229210343837,62.932307850013515,62.93235746267739
26.321935287739787,62.89447409700304,62.894489487984806,62.89453798028272
26.355296421184327,62.85671172762341,62.856726771049566,62.85677416830598
26.38865755462886,62.81900493404027,62.819019637766615,62.81906596473304
26.4220186880734,62.78135365462573,62.78136802633051,62.781413307198505
26.455379821517937,62.74375782738655,62.74377187457419,62.743816132987966
26.488740954962477,62.70621738996616,62.706231119971285,62.70627437904019
26.52210208840701,62.66873227964726,62.668745699638855,62.668787981949436
26.555463221851547,62.63130243335555,62.63131555033996,62.631356877967825
26.588824355296087,62.59392778766089,62.593940608486385,62.59398100300773
26.622185488740623,62.556608278781745,62.55662081014135,62.556660292644295
26.65554662218516,62.51934384258667,62.519356091022296,62.51939468211797
26.688907755629696,62.4821344145984,62.48214638650377,62.48218410633702
26.722268889074233,62.44497992999615,62.444991631620226,62.445028499880245
26.755630022518773,62.407880323618016,62.407891761068974,62.40792779699961
26.788991155963306,62.370835529965724,62.37084670921313,62.37088193162295
26.822352289407846,62.33384548320628,62.333856410084636,62.333890837356776
26.855713422852382,62.296910117175294,62.29692079738722,62.296954447489036
26.889074556296922,62.260029365380184,62.26003980449954,62.26007269499199
26.922435689741455,62.223203161003816,62.2232133644782,62.223245512525075
26.95579682318599,62.18643143690696,62.18644141006091,62.186472832437815
26.98915795663053,62.14971412563249,62.1497238736696,62.14975458677273
27.02251909007507,62.11305115940668,62.113060687413665,62.1130907072684
27.055880223519605,62.07644247014525,62.07645178309304,62.07648112536236
27.08924135696414,62.03988798945396,62.03989709220157,62.03992577219422
27.12260249040868,62.00338764863373,62.00339654593015,62.00342457860868
27.155963623853218,61.96694137868313,61.96695007517,61.966977475158586
27.18932475729775,61.93054911030222,61.93055761051596,61.93058439210811
27.22268589074229,61.89421077389495,61.894219082269835,61.89424525943579
27.256047024186827,61.8579262995739,61.857934420443584,61.85796000683772
27.289408157631367,61.821695617162455,61.82170355476279,61.8217285637307
27.3227692910759,61.785518656199244,61.78552641466991,61.785550859255444
27.356130424520437,61.74939534593993,61.74940292932766,61.74942682227971
27.389491557964977,61.71332561536291,61.71333302762237,61.71335638140157
27.422852691409513,61.67730939317062,61.67731663816731,61.67733946495258
27.45621382485405,61.641346607794105,61.64135368930625,61.64137600100111
27.489574958298586,61.605437187396525,61.60544410911657,61.60546591735545
27.522936091743126,61.56958105987563,61.56958782541288,61.56960914156714
27.556297225187663,61.53377815286837,61.53378476575034,61.533805600934286
27.589658358632196,61.49802839375352,61.49803485742806,61.49805522250466
27.623019492076736,61.46233170965558,61.462338027492486,61.46235793307918
27.656380625521273,61.42668802744784,61.42669420274083,61.42671365921504
27.689741758965813,61.391097273756195,61.39110330972455,61.39112232722905
27.723102892410346,61.355559374962496,61.35556527475262,61.355583863200934
27.756464025854882,61.32007425720786,61.320080023895024,61.32009819297657
27.789825159299422,61.284641846396134,61.284647482986195,61.28466524217137
27.82318629274396,61.249262068197424,61.24926757762833,61.24928493617344
27.8565474261885,61.21393484805162,61.21394023319489,61.21395720014702
27.88990855963303,61.17866011117209,61.17866537483392,61.178681959035664
27.92326969307757,61.14343778254762,61.14344292747144,61.14345913756552
27.956630826522108,61.108267786948,61.108272815814956,61.10828866024874
27.989991959966645,61.07315004892639,61.07315496435669,61.07317045138664
28.02335309341118,61.03808449282195,61.03808929737706,61.03810443507299
28.056714226855718,61.00307104276469,61.003075738947985,61.00309053519735
28.090075360300258,60.96810962267783,60.96811421293629,60.968128675448284
28.123436493744794,60.93320015628204,60.93320464300706,60.93321877931665
28.156797627189327,60.89834256709808,60.89834695262695,60.898360770098805
28.190158760633867,60.86353677844978,60.86354106506757,60.86355457089992
28.223519894078404,60.82878271346941,60.82878690340873,60.82880010463716
28.256881027522944,60.79408029509821,60.794084390541855,60.794097294042935
28.290242160967477,60.75942944609202,60.75943344917324,60.759446061668136
28.323603294412017,60.72483008902343,60.7248340018273,60.724846329885345
28.356964427856553,60.69028214628562,60.69028597084992,60.69029802089197
28.39032556130109,60.655785540095195,60.65578927841171,60.655801056713536
28.423686694745626,60.62134019249546,60.621343846511195,60.621355359206795
28.457047828190163,60.58694602536032,60.58694959697817,60.5869608500629
28.490408961634703,60.55260296039692,60.552606451476805,60.55261745081059
28.52377009507924,60.51831091914936,60.51831433150896,60.51832508281928
28.557131228523772,60.48406982300101,60.48407315841731,60.484083667302286
28.590492361968312,60.44987959317916,60.449882853388544,60.44989312531982
28.62385349541285,60.41574015075663,60.415743337456604,60.41575337778218
28.65721462885739,60.38165141665597,60.38165453150573,60.38166434545281
28.690575762301922,60.34761331165268,60.347616356273676,60.34762594895135
28.723936895746462,60.313625756377675,60.3136287323548,60.31363810875673
28.757298029191,60.279688671320656,60.27969158020316,60.27970074521023
28.79065916263554,60.24580197683355,60.24580482013563,60.24581377851844
28.82402029608007,60.211965593133456,60.21196837233495,60.21197712875637
28.857381429524608,60.1781794403054,60.178182156852806,60.178190715870315
28.890742562969148,60.144443438305665,60.14444609361283,60.14445445968101
28.924103696413685,60.11075750696479,60.11076010241363,60.11076827988643
28.957464829858218,60.07712156599054,60.077124102931805,60.07713209606482
28.990825963302758,60.043535534971085,60.04353801472492,60.04354582767765
29.024187096747294,60.009999333377785,60.0100017572345,60.01000939407245
29.057548230191834,59.976512880567924,59.976515249788854,59.976522714485775
29.090909363636367,59.943076095788506,59.943078411606216,59.94308570804605
29.124270497080907,59.90968889817786,59.90969116179744,59.909698293776444
29.157631630525444,59.87635120676996,59.87635341936905,59.8763603905977
29.190992763969984,59.84306294049638,59.84306510322599,59.843071917331024
29.224353897414517,59.80982401818956,59.80982613217454,59.80983279270077
29.257715030859053,59.77663435858479,59.77663642492516,59.77664293533732
29.291076164303593,59.74349388032473,59.743495900095255,59.743502263779874
29.32443729774813,59.71040250196084,59.71040447621199,59.71041069647911
29.357798431192663,59.6773601419563,59.67736207171506,59.67736815179998
29.391159564637203,59.64436671868958,59.64436860495948,59.64437454802443
29.42452069808174,59.611422150456114,59.611423994218256,59.61142980335406
29.45788183152628,59.57852635547187,59.57852815768513,59.578533835912836
29.491242964970812,59.54567925187556,59.54568101347724,59.54568656374969
29.524604098415352,59.51288075773215,59.512882479637874,59.51288790484122
29.55796523185989,59.48013079103362,59.48013247413904,59.480137777094285
29.59132636530443,59.447429269704024,59.44743091488413,59.447436098348575
29.624687498748962,59.41477611160013,59.41477771971056,59.414782786379256
29.6580486321935,59.38217123451549,59.38217280639226,59.38217775889944
29.69140976563804,59.34961455618217,59.34961609264242,59.34962093356279
29.724770899082575,59.31710599427337,59.317107496115845,59.31711222796602
29.758132032527108,59.28464546640638,59.28464693441163,59.284651559651415
29.791493165971648,59.25223289014433,59.25223432507559,59.25223884610926
29.824854299416184,59.21986818299977,59.219869585602794,59.21987400478032
29.858215432860725,59.187551262435875,59.187552633440006,59.18755695305836
29.89157656630526,59.155282045870585,59.15528338598815,59.15528760829241
29.924937699749798,59.12306045067726,59.12306176060472,59.12306588778932
29.958298833194334,59.09088639418798,59.0908876746062,59.09089170881603
29.991659966638874,59.05875979369616,59.05876104527043,59.05876498860198
30.02502110008341,59.02668056645813,59.02668178983906,59.02668564434146
30.058382233527944,58.99464862969676,58.99464982551974,58.994653593195885
30.091743366972484,58.962663900601974,58.96266506948853,58.96266875229615
30.12510450041702,58.93072629633468,58.930727438892276,58.93073103874486
30.15846563386156,58.898835734028644,58.89883685085074,58.89884036961865
30.191826767306093,58.86699213079218,58.866993222459,58.86699666197031
30.22518790075063,58.8351954037109,58.8351964707896,58.835199832831194
30.25854903419517,58.80344546984995,58.80344651289482,58.80344979921325
30.291910167639706,58.771742246255926,58.771743265808865,58.77174647811124
30.325271301084243,58.7400856499596,58.740086646550075,58.74008978650498
30.35863243452878,58.70847559797717,58.70847657212298,58.70847964136141
30.39199356797332,58.6769120073136,58.67691295952063,58.67691595963669
30.425354701417856,58.64539479496371,58.645395725726516,58.64539865827839
30.45871583486239,58.61392387791477,58.61392478771682,58.613927654227524
30.49207696830693,58.582499173148705,58.5825000624624,58.58250286442058
30.525438101751465,58.55112059764368,58.5511214669309,58.55112420579162
30.558799235196005,58.519788068376656,58.51978891808881,58.51979159527429
30.59216036864054,58.488501502325065,58.488502332903415,58.48850494980381
30.625521502085075,58.45726081646925,58.45726162834487,58.45726418631895
30.658882635529615,58.42606592779379,58.42606672138812,58.426069221764024
30.69224376897415,58.394916753289515,58.394917529014926,58.3949199730908
30.725604902418688,58.363813209956746,58.36381396821577,58.36381635726048
30.758966035863224,58.33275521480542,58.33275595599174,58.332758291245554
30.792327169307764,58.30174268485813,58.30174340935657,58.30174569203173
30.8256883027523,58.270775537151806,58.270776245338325,58.27077847661975
30.859049436196834,58.23985368873898,58.239854380981434,58.239856562027335
30.892410569641374,58.20897705669116,58.208977733348455,58.2089798652909
30.92577170308591,58.178145558098294,58.178146219521935,58.17814830346745
30.95913283653045,58.14735911007309,58.14735975660621,58.147361793636364
30.992493969974984,58.11661762975088,58.11661826172916,58.116620252901136
31.02585510341952,58.085921034292774,58.08592165204403,58.085923598391155
31.05921623686406,58.05526924088629,58.055269844731164,58.05527174726344
31.092577370308597,58.02466216674788,58.02466275699969,58.024664616704385
31.125938503753133,57.99409972912431,57.99410030608936,57.994102123931434
31.15929963719767,57.96358184529444,57.96358240927204,57.963584186194744
31.19266077064221,57.93310843257078,57.933108983853664,57.933110720778906
31.226021904086746,57.90267940830153,57.90267994717561,57.90268164500455
31.25938303753128,57.87229468987163,57.872295216616564,57.87229687623002
31.29274417097582,57.84195419470523,57.84195470959397,57.841956331852906
31.326105304420356,57.81165784026573,57.81165834356577,57.81165992931172
31.359466437864896,57.78140554405972,57.7814060360319,57.781407586087475
31.39282757130943,57.751197223636254,57.75119770453596,57.75119921970514
31.426188704753965,57.721032796590116,57.72103326666661,57.721034747735324
31.459549838198505,57.690912180562115,57.69091264005928,57.690914087795676
31.49291097164304,57.660835293241504,57.660835742397545,57.66083715755247
31.52627210508758,57.630802052366676,57.63080249141473,57.6308038747221
31.559633238532115,57.600812375727685,57.600812804895284,57.60081415707249
31.592994371976655,57.570866181166444,57.57086660067637,57.570867922424604
31.62635550542119,57.54096338657987,57.54096379664921,57.540965088653856
31.659716638865724,57.51110390991884,57.51110431076057,57.51110557369157
31.693077772310264,57.481287669192156,57.48128806101415,57.48128929552633
31.7264389057548,57.451514582466906,57.451514965472,57.45151617220542
31.75980003919934,57.42178456786877,57.42178494225587,57.42178612183619
31.793161172643874,57.39209754358554,57.392097909548646,57.39209906258739
31.82652230608841,57.36245342786697,57.362453785595584,57.362454912690495
31.85988343953295,57.332852139026,57.33285248870578,57.332853590441125
31.893244572977487,57.30329359544102,57.30329393725332,57.30329501420022
31.926605706422023,57.27377771555691,57.27377804967877,57.27377910239546
31.95996683986656,57.244304417885694,57.244304744490286,57.2443057735224
31.9933279733111,57.21487362100835,57.21487394026501,57.21487494614588
32.02668910675564,57.18548524357617,57.185485555650224,57.1854865389012
32.06005024020018,57.15613920431145,57.15613950936466,57.15614047049533
32.093411373644706,57.12683542200901,57.12683572019971,57.12683665970815
32.12677250708925,57.09757381553806,57.09757410702057,57.097575025393645
32.160133640533786,57.068354303842064,57.0683545887675,57.0683554864811
32.19349477397832,57.03917680594109,57.03917708445698,57.03917796197628
32.22685590742286,57.01004124093207,57.01004151318287,57.01004237096255
32.260217040867396,56.980947527990836,56.980947794117526,56.98094863260202
32.29357817431193,56.95189558637246,56.951895846512954,56.95189666613668
32.32693930775647,56.92288533541294,56.92288558970198,56.92288639088956
32.360300441201005,56.89391669452991,56.89391694309921,56.89391772626573
32.39366157464554,56.864989583223846,56.86498982620226,56.864990591753404
32.427022708090085,56.83610392107945,56.83610415859277,56.836104906925115
32.46038384153462,56.807259627766214,56.807259859937446,56.80726059143863
32.49374497497915,56.77845662303979,56.77845684998916,56.77845756503805
32.527106108423695,56.74969482674264,56.749695048587846,56.74969574755482
32.56046724186823,56.72097415880588,56.72097437566172,56.720975058908785
32.59382837531277,56.692294539249275,56.69229475122811,56.69229541910912
32.627189508757304,56.66365588818302,56.66365609539453,56.66365674825536
32.66055064220184,56.63505812580807,56.635058328359605,56.63505896653835
32.69391177564638,56.60650117241748,56.60650137041408,56.60650199424121
32.727272909090914,56.57798494839768,56.57798514194173,56.57798575174028
32.76063404253545,56.549509374228585,56.54950956342031,56.54951015950604
32.79399517597999,56.52107437048519,56.52107455542249,56.52107513810403
32.82735630942453,56.49267985783784,56.49268003861672,56.49268060819575
32.86071744286907,56.464325757054446,56.46432593376818,56.4643264905396
32.894078576313596,56.4360119889993,56.436012161739605,56.436012705991665
32.92743970975814,56.40773847463615,56.40773864349222,56.40773917550666
32.960800843202676,56.37950513502724,56.379505300086535,56.37950582013875
32.99416197664721,56.351311891335065,56.3513120526832,56.351312561042405
33.02752311009175,56.3231586648233,56.323158822543874,56.323159319473206
33.060884243536286,56.295045376857644,56.295045531032,56.29504601678866
33.09424537698082,56.26697194890567,56.26697209961367,56.26697257444908
33.12760651042536,56.23893830253865,56.23893844985832,56.238938914018235
33.160967643869895,56.210944359431885,56.21094450343962,56.21094495716426
33.19432877731443,56.18299004136597,56.18299018213621,56.18299062566037
33.227689910758976,56.15507527022685,56.155075407832385,56.1550758413856
33.26105104420351,56.12719996800689,56.12720010251896,56.12720052632559
33.29441217764804,56.09936405680571,56.099364188293926,56.09936460257326
33.327773311092585,56.07156745883078,56.07156758736321,56.07156799232961
33.36113444453712,56.04381009639833,56.043810222041365,56.043810617904384
33.39449557798166,56.016091891933705,56.016092014752296,56.01609240171673
33.427856711426195,55.988412767972044,55.98841288802993,55.988413266295986
33.46121784487073,55.960772647159644,55.9607727645189,55.96077313428228
33.49457897831527,55.933171452254065,55.933171566975204,55.933171928427164
33.527940111759804,55.905609106124196,55.905609218266875,55.905609571594425
33.56130124520434,55.87808553175254,55.878085641374625,55.878085986760524
33.59466237864888,55.85060065223435,55.85060075939249,55.8506010970154
33.62802351209342,55.823154390778825,55.823154495528456,55.82315482556298
33.66138464553796,55.79574667070962,55.795746773105,55.79574709572187
33.69474577898249,55.768377415465714,55.768377515559806,55.768377830925864
33.72810691242703,55.74104654860179,55.74104664644629,55.741046954724645
33.76146804587157,55.71375399378866,55.71375408943425,55.71375439078432
33.7948291793161,55.68649967481423,55.68649976831026,55.686500062887895
33.82819031276064,55.65928351558366,55.659283606978526,55.659283894936046
33.861551446205176,55.632105440120334,55.63210552946114,55.63210581094746
33.89491257964971,55.60496537256551,55.60496545989885,55.6049657350595
33.92827371309425,55.577863237180644,55.57786332255143,55.5778635915287
33.961634846538786,55.55079895834602,55.550799041798335,55.550799304731264
33.99499597998332,55.523772460562036,55.523772542139085,55.52377279916364
34.028357113427866,55.49678366845005,55.49678374819392,55.49678399944296
34.0617182468724,55.46983250675209,55.46983258470414,55.46983283030757
34.09507938031693,55.442918900332124,55.442918976532724,55.442919216617504
34.128440513761475,55.416042774176404,55.41604284866472,55.41604308335495
34.16180164720601,55.389204053392994,55.38920412620773,55.38920435562471
34.19516278065055,55.362402663213736,55.36240273439238,55.36240295865471
34.228523914095085,55.335638528993414,55.335638598572785,55.33563881779637
34.26188504753962,55.308911576210875,55.30891164422694,55.3089118585251
34.29524618098416,55.282221730469296,55.28222179695722,55.282222006440705
34.328607314428695,55.2555689174966,55.25556898249072,55.2555691872678
34.36196844787324,55.22895306314577,55.228953126679784,55.22895332685628
34.39532958131777,55.20237409339562,55.20237415550228,55.20237435118162
34.42869071476231,55.175831934350725,55.175831995062055,55.17583218634536
34.46205184820685,55.14932651224185,55.14932657158937,55.14932675857549
34.495412981651384,55.12285775342695,55.12285781144121,55.12285799422675
34.52877411509592,55.09642558439063,55.096425641101675,55.096425819781096
34.56213524854046,55.07002993174538,55.07002998718239,55.07003016184798
34.595496381984994,55.043670722231035,55.04367077642278,55.04367094716479
34.62885751542953,55.017347882716095,55.01734793569048,55.017348102597126
34.66221864887407,54.991061340197085,54.99106139198167,54.991061555139176
34.6955797823186,54.96481102179997,54.96481107242138,54.96481123191401
34.72894091576314,54.93859685477965,54.938596904263825,54.93859706017399
34.76230204920768,54.91241876651988,54.912418814892746,54.91241896730096
34.79566318265221,54.886276684535446,54.88627673182166,54.88627688080666
34.829024316096756,54.86017053646992,54.86017058269424,54.86017072833298
34.86238544954129,54.834100250098416,54.83410029528457,54.83410043765226
34.89574658298583,54.80806575332615,54.8080657974974,54.80806593666758
34.929107716430366,54.78206697418941,54.782067017368504,54.78206715341303
34.9624688498749,54.75610384085545,54.75610388306486,54.75610401605401
34.99582998331944,54.730176281623585,54.730176322885,54.730176452887434
35.029191116763975,54.70428422492443,54.704284265259226,54.70428439234207
35.06255225020851,54.67842759932095,54.67842763874984,54.678427762978714
35.09591338365305,54.65260633350786,54.65260637205143,54.652606493490495
35.129274517097585,54.62682035631304,54.6268203939911,54.626820512703055
35.16263565054213,54.60106959669686,54.601069633528724,54.60106974957484
35.19599678398666,54.57535398375231,54.575354019757086,54.57535413319727
35.2293579174312,54.549673446705945,54.54967348190217,54.549673592795
35.26271905087574,54.52402791491731,54.52402794932336,54.52402805772609
35.296080184320274,54.49841731788032,54.49841735151364,54.498417457482226
35.32944131776481,54.472841585221644,54.472841618099785,54.47284172168894
35.36280245120935,54.44730064670273,54.44730067884257,54.44730078010576
35.396163584653884,54.42179443221868,54.42179446363694,54.42179456262644
35.42952471809842,54.39632287179938,54.39632290251219,54.39632299927908
35.46288585154296,54.37088589560882,54.37088592563216,54.370886020226365
35.49624698498749,54.345483433946136,54.34548346329535,54.34548355576571
35.52960811843204,54.320115417244956,54.32011544593514,54.32011553632937
35.562969251876574,54.29478177607379,54.2947818041199,54.294781892484664
35.5963303853211,54.26948244113665,54.269482468553214,54.2694825549341
35.62969151876565,54.244217343272986,54.244217370073905,54.2442174545155
35.66305265221018,54.218986413457145,54.21898643965629,54.218986522202144
35.69641378565472,54.19378958279923,54.19378960841024,54.19378968910296
35.729774919099256,54.16862678254517,54.168626807581305,54.16862688646254
35.76313605254379,54.143497944076806,54.1434979685509,54.14349804566133
35.79649718598833,54.11840299891167,54.11840302283637,54.11840309821579
35.829858319432866,54.09334187870358,54.09334190209109,54.09334197577837
35.8632194528774,54.06831451524201,54.068314538104595,54.068314610137776
35.89658058632194,54.043320840453305,54.04332086280269,54.04332093321891
35.92994171976648,54.01836078639984,54.01836080824749,54.01836087708308
35.96330285321102,53.99343428528022,53.993434306637596,53.99343437392807
35.99666398665555,53.96854126943011,53.9685412903081,53.96854135608816
36.03002512010009,53.94368167132139,53.9436816917307,53.94368175603427
36.06338625354463,53.91885542356265,53.91885544351377,53.91885550637403
36.096747386989165,53.89406245889912,53.89406247840241,53.894062539851774
36.1301085204337,53.8693027102129,53.869302729278566,53.86930278934872
36.16346965387824,53.84457611052333,53.84457612916101,53.84457618788292
36.196830787322774,53.81988259298594,53.819882611205436,53.81988266860941
36.23019192076731,53.79522209089383,53.79522210870455,53.79522216482018
36.26355305421185,53.770594537677184,53.770594555088024,53.77059460994426
36.296914187656384,53.745999866902444,53.74599988392261,53.74599993754774
36.33027532110093,53.721438012274184,53.72143802891217,53.72143808133383
36.363636454545464,53.69690890763296,53.69690892389764,53.696908975142875
36.39699758799,53.67241248695751,53.672412502857156,53.67241255295237
36.43035872143454,53.647948684362994,53.64794869990598,53.64794874887702
36.46371985487907,53.62351743410246,53.623517449296614,53.62351749716871
36.49708098832361,53.599118670565616,53.599118685418716,53.599118732216574
36.53044212176815,53.57475232827946,53.57475234279921,53.574752388546926
36.56380325521268,53.550418341908276,53.55041835610218,53.55041840082336
36.59716438865722,53.526116646253556,53.526116660128984,53.52611670384669
36.630525522101756,53.50184717625396,53.501847189818164,53.50184723255492
36.6638866555463,53.47760986698565,53.47760988024548,53.47760992202331
36.69724778899083,53.45340465366163,53.45340466662392,53.453404707464365
36.73060892243537,53.42923147163213,53.42923148430361,53.42923152422773
36.76397005587991,53.40509025638464,53.40509026877188,53.40509030780024
36.797331189324446,53.38098094354406,53.38098095565317,53.3809809938059
36.83069232276898,53.3569034688716,53.35690348070907,53.35690351800583
36.86405345621352,53.33285776826629,53.332857779838264,53.33285781629826
36.897414589658055,53.30884377776403,53.308843789076434,53.30884382471848
36.93077572310259,53.28486143353791,53.28486144459633,53.284861479438796
36.96413685654713,53.26091067189717,53.26091068270765,53.26091071676852
36.997497989991665,53.23699142928918,53.23699143985706,53.236991473153864
37.0308591234362,53.213103642297234,53.213103652628064,53.21310368517798
37.064220256880745,53.18924724764184,53.18924725774101,53.18924728956083
37.097581390325274,53.165422182180535,53.165422192053015,53.16542222315916
37.13094252376982,53.14162838290694,53.14162839255796,53.14162842296646
37.164303657214354,53.11786578695173,53.11786579638629,53.11786582611284
37.19766479065889,53.094134331582374,53.09413434080514,53.09413436986507
37.23102592410343,53.0704339542021,53.07043396321809,53.0704339916264
37.264387057547964,53.04676459235141,53.0467646011652,53.04676462893656
37.2977481909925,53.0231261837069,53.023126192322906,53.023126219471656
37.33110932443704,52.999518666081045,52.99951867450392,52.9995187010441
37.36447045788157,52.97594197742332,52.975941985657194,52.97594201160252
37.39783159132611,52.95239605581863,52.95239606386781,52.952396089231705
37.431192724770646,52.92888083948807,52.92888084735686,52.92888087215246
37.46455385821519,52.90539626678926,52.90539627448144,52.90539629872158
37.49791499165972,52.88194227621472,52.881942283734446,52.8819423074317
37.53127612510426,52.858518806393576,52.85851881374461,52.858518836911294
37.5646372585488,52.83512579609019,52.835125803276256,52.835125825924415
37.597998391993336,52.81176318420438,52.81176319122933,52.811763213370746
37.63135952543787,52.788430909771755,52.78843091663921,52.78843093828544
37.66472065888241,52.76512891196318,52.76512891867661,52.76512893983897
37.698081792326946,52.7418571300847,52.74185713664753,52.74185715733709
37.73144292577148,52.718615503577404,52.71861550999307,52.718615530220696
37.76480405921602,52.69540397201759,52.69540397828933,52.6954039980657
37.798165192660555,52.67222247511622,52.672222481247324,52.6722225005829
37.83152632610509,52.64907095271922,52.64907095871287,52.649070977617896
37.864887459549635,52.62594934480718,52.625949350666396,52.62594936915096
37.898248592994165,52.60285759149495,52.60285759722285,52.602857615296884
37.93160972643871,52.5797956330322,52.57979563863162,52.57979565630485
37.964970859883245,52.556763409802585,52.556763415276365,52.55676343255838
37.99833199332778,52.533760862323625,52.53376086767481,52.53376088457508
38.03169312677232,52.51078793124765,52.51078793647875,52.51078795300661
38.065054260216854,52.48784455736017,52.487844562473825,52.4878445786385
38.09841539366139,52.46493068158027,52.4649306865794,52.464930702389985
38.13177652710593,52.442046244961325,52.44204624984841,52.44204626531393
38.165137660550464,52.41919118868977,52.419191193467256,52.419191208596644
38.198498793995,52.39636545408517,52.39636545875558,52.39636547355774
38.23185992743954,52.37356898260051,52.37356898716623,52.37356900165
38.265221060884066,52.35080171582159,52.35080172028498,52.3508017344592
38.29858219432861,52.328063595467256,52.32806359983051,52.328063613703975
38.331943327773146,52.30535456338867,52.30535456765412,52.3053545812357
38.36530446121768,52.28267456156987,52.282674565739704,52.28267457903826
38.39866559466222,52.26002353212711,52.26002353620345,52.260023549227924
38.432026728106756,52.23740141730882,52.23740142129383,52.237401434053254
38.4653878615513,52.21480815949562,52.214808163391325,52.21480817589483
38.498748994995836,52.19224370119978,52.192243705008295,52.19224371726517
38.532110128440365,52.16970798506559,52.169707988788815,52.169708000808534
38.56547126188491,52.147200953868584,52.147200957508524,52.14720096930073
38.598832395329445,52.124722550515926,52.12472255407443,52.124722565649016
38.63219352877398,52.10227271804578,52.10227272152475,52.1022727328919
38.66555466221852,52.079851399627344,52.07985140302872,52.07985141419895
38.698915795663055,52.057458538561036,52.057458541886454,52.05745855287062
38.7322769291076,52.035094078277204,52.03509408152874,52.0350940923381
38.76563806255213,52.01275796233735,52.01275796551688,52.01275797616316
38.798999195996664,51.99045013443314,51.9904501375425,51.99045014803791
38.83236032944121,51.96817053838648,51.96817054142738,51.96817055178466
38.86572146288574,51.945919118148794,51.94591912112325,51.94591913135577
38.89908259633028,51.92369581780151,51.92369582071166,51.923695830833424
38.93244372977482,51.90150058155588,51.90150058440373,51.90150059442945
38.96580486321935,51.87933335375218,51.87933335654005,51.87933336648519
38.99916599666389,51.85719407886013,51.8571940815904,51.85719409147125
39.03252713010843,51.83508270147823,51.83508270415365,51.83508271398733
39.065888263552964,51.81299916633413,51.812999168957546,51.81299917876213
39.0992493969975,51.79094341828376,51.790943420858476,51.79094343065299
39.13261053044204,51.76891540231157,51.76891540484147,51.76891541464588
39.16597166388658,51.74691506353031,51.74691506601975,51.746915075855085
39.19933279733111,51.72494234718089,51.72494234963481,51.72494235952311
39.232693930775646,51.702997198631785,51.70299720105607,51.70299721102043
39.26605506422019,51.68107956337903,51.6810795657808,51.681079575845295
39.299416197664726,51.65918938704645,51.6591893894339,51.65918939962363
39.332777331109256,51.63732661538484,51.63732661776775,51.63732662810872
39.3661384645538,51.615491194272074,51.61549119666206,51.61549120718109
39.399499597998336,51.59368306971292,51.59368307212377,51.59368308284838
39.43286073144287,51.57190218783849,51.57190219028678,51.57190220124498
39.46622186488741,51.550148494906445,51.550148497411975,51.55014850863203
39.499582998331945,51.528421937300784,51.52842193988698,51.528421951397064
39.53294413177649,51.50672246153136,51.50672246422609,51.506722476054
39.56630526522102,51.4850500142336,51.48505001707023,51.485050029242814
39.599666398665555,51.463404542168945,51.46340454518676,51.46340455772935
39.6330275321101,51.4417859922235,51.44178599546956,51.441786008405224
39.66638866555463,51.42019431140917,51.42019431493891,51.4201943282876
39.69974979899917,51.39862944686218,51.39862945074147,51.39862946451896
39.73311093244371,51.37709134584388,51.37709135015038,51.37709136436702
39.76647206588824,51.35557995574003,51.3555799605653,51.35557997522444
39.79983319933278,51.33409522406034,51.334095229512435,51.33409524460869
39.83319433277732,51.31263709843881,51.31263710464486,51.31263712016193
39.866555466221854,51.29120552663315,51.29120553374256,51.29120554965075
39.89991659966639,51.26980045652464,51.26980046471284,51.26980048096601
39.93327773311093,51.248421836118354,51.2484218455906,51.24842186212274
39.96663886655547,51.22706961354163,51.22706962453889,51.2270696412599
40.0,51.205743737045424,51.2057437498494,51.20574376664027
