r_kpc,v_kms_mu_0.3_over_T0,v_kms_mu_1.0_over_T0,v_kms_mu_3.0_over_T0
1e-06,0.2121618797174132,0.29295762098658573,0.314543404706926
0.03336213344453712,38.11347039138616,52.62487987725767,56.50192855929535
0.06672326688907423,59.33576321491836,81.92260958213346,87.9573672566415
0.10008440033361136,79.83426090625248,110.21751365575636,118.33555701804626
0.13344553377814847,99.67380625822337,137.59917187373765,147.7326848266899
0.16680666722268558,118.8840583055327,164.1085783763464,176.19277163322545
0.20016780066722273,137.48543469884854,189.77396492150456,203.74613537861902
0.23352893411175984,155.49489961052586,214.61879329470798,230.41797235739463
0.26689006755629696,172.92777708626542,238.6642593458218,256.23104577667885
0.300251201000834,189.79844998605085,261.9302581603275,281.2067220526039
0.33361233444537114,206.12067135802656,284.4358140473225,305.365432486415
0.3669734678899083,221.90771938148237,306.1992945151338,328.7269030104537
0.4003346013344454,237.17248179801175,327.2385268783334,351.3102793905052
0.4336957347789825,251.92750570843336,347.5708670387308,373.13420107783037
0.46705686822351966,266.1850291379073,367.21324309012476,394.2168480296919
0.5004180016680567,279.95700243503416,386.1821848846974,414.57597245699844
0.5337791351125939,293.25510371683805,404.49384537716526,434.2289217437675
0.567140268557131,306.0907506729355,422.16401694110857,453.19265596821367
0.6005014020016681,318.47511005545726,439.20814448928644,471.4837619922682
0.6338625354462052,330.4191056443743,455.6413364883766,489.11846529030925
0.6672236688907424,341.93342517395234,471.47837453886774,506.1126402372663
0.7005848023352795,353.02852652793035,486.7337219448543,522.4818193121397
0.7339459357798167,363.7146434033499,501.42153154982856,538.2412015133914
0.7673070692243538,374.00179057612917,515.5556530222536,553.4056601835107
0.8006682026688909,383.8997688589112,529.1496397159356,567.989750377016
0.834029336113428,393.4181698140457,542.2167551920019,582.007715865064
0.8673904695579651,402.56638026617395,554.7699794639036,595.4734958426451
0.9007516030025022,411.3535866464821,566.8220150097194,608.4007313858747
0.9341127364470394,419.78877919213227,578.3852925842356,620.8027716942743
0.9674738698915766,427.8807560184239,589.4719768550385,632.6926801440433
1.0008350033361135,435.6381270770001,600.0939718810279,644.0832401721102
1.0341961367806507,443.0693180104071,610.2629264475681,654.9869610062058
1.0675572702251879,450.18257391107113,619.9902392694346,665.4160832529577
1.100918403669725,456.9859629911605,629.2870640704978,675.3825843535903
1.134279537114262,463.4873801685822,638.1643145473734,684.8981839150136
1.1676406705587992,469.69455057344686,646.6326692230587,693.9743489227413
1.2010018040033363,475.6150329786508,654.70257619558,702.6222988410558
1.2343629374478733,481.2562231576877,662.3842577859604,710.8530106050317
1.2677240708924105,486.62535717238677,669.6877150892399,718.6772235084312
1.3010852043369476,491.7295145929534,676.6227324318301,726.1054439910014
1.3344463377814846,496.5756216524302,683.1988817381311,733.1479503283102
1.367807471226022,501.1704543374808,689.4255268090628,739.8147972269664
1.4011686046705591,505.52064141725765,695.3118275149087,746.1158203278134
1.4345297381150963,509.6326674119419,700.8667439047099,752.0606406194838
1.4678908715596333,513.5128755024584,706.0990402342774,757.6586687645446
1.5012520050041704,517.1674703827712,711.0172889147506,762.9191093403045
1.5346131384487076,520.6025210560756,715.6298743835509,767.850964996264
1.5679742718932446,523.8239635761385,719.9449968994518,772.4630405300567
1.6013354053377817,526.8376037349847,723.9706762634255,776.7639468836734
1.634696538782319,529.6491196980832,727.714755466857,780.7621050616673
1.6680576722268559,532.2640645881112,731.18490426864,784.465749972974
1.701418805671393,534.6878690183809,734.3886227026364,787.8829341979352
1.7347799391159302,536.9258435769384,737.3332445169117,791.0215316820352
1.7681410725604672,538.9831812623311,740.0259405461176,793.889241357847
1.8015022060050043,540.8649598720067,742.4737220183721,796.4935906966017
1.8348633394495415,542.5761443442806,744.6834437979201,798.8419391907975
1.868224472894079,544.1215890547865,746.6618075648444,800.9414817691828
1.9015856063386158,545.5060400682896,748.4153649330593,802.7992521454552
1.934946739783153,546.7341373467297,749.9505205077862,804.4221261019503
1.9683078732276902,547.8104169143525,751.2735348836787,805.8168247095925
2.0016690066722274,548.7393129807317,752.3905275847536,806.9899174853305
2.0350301401167643,549.5251600225148,753.3074799472371,807.9478254882605
2.0683912735613013,550.1721948246587,754.0302379464281,808.6968243556177
2.1017524070058387,550.684558481942,754.5645149686426,809.2430472797821
2.1351135404503756,551.0662983615059,754.9158945293028,809.5924879274305
2.1684746738949126,551.3213700271607,755.0898329381765,809.7510033019348
2.20183580733945,551.4536391261875,755.0916619127961,809.7243165500854
2.235196940783987,551.4668832393423,754.9265911410262,809.518019714206
2.268558074228524,551.3647936947559,754.599710793754,809.137576430689
2.3019192076730612,551.1509773464195,754.1159939886464,808.5883245759767
2.335280341117598,550.8289583179168,753.4802992059065,807.8754788609781
2.368641474562135,550.402179712057,752.6973726569324,807.0041333749037
2.4020026080066725,549.8740052870598,751.7718506067807,805.9792640794776
2.4353637414512095,549.2477210999117,750.7082616512921,804.8057312544636
2.468724874895747,548.5265371175215,749.5110289497723,803.4882818954278
2.502086008340284,547.7135887962697,748.184472414021,802.0315520646502
2.535447141784821,546.8119386305564,746.7328108545858,800.4400691960585
2.568808275229358,545.8245776709214,745.1601640850156,798.7182543550667
2.602169408673895,544.754427012318,743.4705549849185,796.8704244541689
2.635530542118432,543.6043392530905,741.6679115226143,794.9007944251229
2.6688916755629695,542.3770999252114,739.7560687381343,792.8134793485497
2.702252809007507,541.0754288963192,737.7387706873251,790.6124965417522
2.735613942452044,539.7019817440823,735.6196723477949,788.3017676055536
2.768975075896581,538.2593511034125,733.4023414874132,785.8851204309123
2.802336209341118,536.7500679870224,731.0902604960945,783.3662911661003
2.835697342785655,535.1766030798628,728.6868281815409,780.7489261451734
2.8690584762301925,533.5413680078809,726.1953615296461,778.0365837784776
2.9024196096747295,531.8467165816223,723.6190974302048,775.2327364059082
2.935780743119267,530.0949460151278,720.9611943686233,772.3407721136289
2.969141876563804,528.2882981205914,718.2247340842351,769.3639965149397
3.0025030100083407,526.4289604792374,715.41272319589,766.3056344959917
3.035864143452878,524.5190675888596,712.5280947954154,763.1688319269845
3.069225276897415,522.5607019884617,709.573710009572,759.9566573395398
3.102586410341952,520.5558953604218,706.5523595310967,756.672103570866
3.1359475437864894,518.5066296106178,703.4667651194261,753.3180893753535
3.1693086772310264,516.4148379269046,700.3195810716721,749.8974610042303
3.2026698106755633,514.2824058163669,697.1133956644159,746.4129937538681
3.2360309441201007,512.1111721217382,693.8507325668762,742.8673934833505
3.2693920775646377,509.9029300173763,690.5340522260059,739.2632981018822
3.3027532110091746,507.6594279851743,687.1657532240354,735.6032790266137
3.336114344453712,505.38237077079253,683.7481736089981,731.8898426114497
3.369475477898249,503.07342032057255,680.2835921987563,728.1254315473889
3.402836611342786,500.73419669949595,676.7742298590209,724.3124262349447
3.4361977447873233,498.36627899054196,673.2222507558735,720.4531461291745
3.4695588782318603,495.97120617580015,669.6297635832746,716.5498510578433
3.502920011676397,493.55047799966553,665.9988227660245,712.6047425132391
3.5362811451209346,491.10555581446283,662.3314296386684,708.6199649181324
3.5696422785654716,488.63786340882916,658.6295336007803,704.5976068663897
3.6030034120100085,486.1487878191665,654.8950332491003,700.5397023387131
3.636364545454546,483.63968012449317,651.1297774869531,696.4482318939919
3.669725678899083,481.1118562250016,647.3355666113836,692.3251238367244
3.70308681234362,478.56659760461775,643.514153378453,688.172255360979
3.7364479457881576,476.00515207788425,639.6672440470826,683.9914536713385
3.7698090792326946,473.42873452142913,635.7964994019027,679.7844970812648
3.803170212677232,470.8385275903425,631.903535755449,675.5531160893318
3.836531346121769,468.23568241971486,627.9899259301667,671.298994433736
3.869892479566306,465.6213193116347,624.057200220562,667.0237701255151
3.9032536130108433,462.9965284079085,620.1068473359076,662.7290364608737
3.9366147464553802,460.36237034877183,616.1403153238629,658.4163430130283
3.969975879899917,457.7198769178556,612.1590124753909,654.0871966039562
4.003337013344455,455.0700516736641,608.1643082113135,649.7430622564439
4.036698146788992,452.4138705678223,604.1575339508746,645.3853641268109
4.0700592802335285,449.7522825503324,600.139983962646,641.0154864186821
4.103420413678066,447.0862101620888,596.1129161981286,636.634774278173
4.136781547122603,444.41655011489394,592.0775531083673,632.244534670852
4.17014268056714,441.74417385920134,588.0350824439207,627.8460372408247
4.203503814011677,439.06992813982686,583.9866580385001,623.4405151522948
4.236864947456215,436.3946355398508,579.9334005765999,619.029165913932
4.270226080900751,433.71909501292475,575.8763983454121,614.6131521863829
4.3035872143452885,431.0440824042237,571.8167079713565,610.1936025732601
4.336948347789826,428.3703509602304,567.7553551414937,605.7716123959102
4.370309481234362,425.6986318275938,563.6933353101384,601.3482444522979
4.4036706146789,423.0296345412392,559.6316143909443,596.9245297602982
4.437031748123437,420.3640475019569,555.5711294347487,592.5014682857087
4.470392881567974,417.70253844366044,551.51278929345,588.0800296552721
4.503754015012511,415.04575489050814,547.4574752701942,583.6611538550093
4.537115148457048,412.39432460409205,543.4060417561258,579.2457519141404
4.570476281901585,409.7488560208744,539.3593168539765,574.8347065748765
4.603837415346122,407.10993868006733,535.3181029887384,570.428872948366
4.63719854879066,404.4781436421337,531.283177505676,566.0290791570507
4.670559682235196,401.85402389809366,527.2552932559246,561.6361269637094
4.703920815679734,399.23811476982144,523.2351791699081,557.250792387445
4.737281949124271,396.630934301492,519.223540818831,552.8738263068666
4.7706430825688075,394.0329836423667,515.2210609644569,548.5059550507231
4.804004216013344,391.44474742108173,511.22840009741236,544.147880976231
4.837365349457881,388.86669411160756,507.24619696424423,539.8002830353365
4.870726482902419,386.2992763910426,503.2750690834334,535.4638173291501
4.904087616346955,383.742931489407,499.3156132506011,531.1391176507861
4.937448749791493,381.19808153159767,495.36840603309724,526.8267960168312
4.97080988323603,378.6651338716572,491.4340042542035,522.5274431876722
5.004171016680567,376.1444814195198,487.51294546712546,518.2416291768939
5.037532150125104,373.6365029603839,483.6057484189969,513.9699037499687
5.070893283569641,371.1415634668605,479.712913505078,509.71279691244354
5.104254417014178,368.660014404055,475.8349232133486,505.4708193878388
5.137615550458715,366.1921940277243,471.97224255967245,501.2444630854501
5.170976683903253,363.73842767565117,468.1253195137306,497.034201558265
5.204337817347789,361.2990280523928,464.29458541589526,492.8404904511813
5.237698950792327,358.8742955075296,460.48045538522564,488.6637679397234
5.271060084236864,356.46451830756865,456.68332871875975,484.50445515943943
5.3044212176814005,354.06997290163144,452.90358928227,480.3629566261705
5.337782351125938,351.6909241810672,449.1416058926538,476.2396606473675
5.371143484570476,349.3276257331234,445.3977326921216,472.13493972463556
5.404504618015014,346.98032008881665,441.67230951434544,468.04915094767944
5.43786575145955,344.64923896512016,437.9656622427159,463.9826363798205
5.4712268849040875,342.3346035016187,434.278103160883,459.9357234352539
5.504588018348625,340.0366244917417,430.6099312957089,455.9087252482091
5.537949151793161,337.7555026087179,426.9614327528009,451.9019410341755
5.571310285237699,335.4914286263647,423.332881044755,447.915656443352
5.604671418682236,333.2445836348526,419.72453741227264,443.95014390647356
5.638032552126773,331.01513925155314,416.13665113826283,440.00566297317016
5.67139368557131,328.80325782710764,412.5694598550998,436.0824606430035
5.7047548190158475,326.60909264682465,409.0231898451462,432.18077168933183
5.738115952460384,324.43278812753715,405.4980563346837,428.30081897614355
5.771477085904921,322.27448001003677,401.9942637813859,424.4428137680019
5.804838219349459,320.13429554719295,398.512006155449,420.6069560332384
5.838199352793995,318.0123536878878,395.05146721451655,416.7934347405306
5.871560486238533,315.9087652568714,391.61282077250905,413.00242814899735
5.90492161968307,313.8236331306598,388.1962309624932,409.2341040919425
5.938282753127607,311.75705240957546,384.8018524936941,405.4886202543728
5.971643886572144,309.70911058606214,381.42983090277215,401.76612444441673
6.005005020016681,307.6798877093567,378.08030279947906,398.0667548587706
6.038366153461218,305.6694565466599,374.7533961068015,394.390640342284
6.071727286905755,303.6778827408832,371.4492302957005,390.73790064181264
6.105088420350293,301.7052249650951,368.167916614555,387.1086466544491
6.138449553794829,299.7515350737689,364.9095583134131,383.50298067024454
6.1718106872393665,297.8168582509318,361.67425086315103,379.9209966095372
6.205171820683904,295.9012331553191,358.4620821696479,376.36278025499416
6.2385329541284404,294.00469206263864,355.2731327830624,372.8284094784743
6.271894087572978,292.1272610050368,352.10747610232147,369.3179544628172
6.305255221017515,290.26895990786545,348.96517857490244,365.83147791866287
6.338616354462052,288.42980272384875,345.8462998920127,362.3690352964024
6.371977487906589,286.6097975647464,342.7508931792502,358.93067499335785
6.4053386213511265,284.80894683059546,339.6790051828362,355.5164385562933
6.438699754795663,283.0272473366307,336.63067645150977,352.12636087934294
6.4720608882402,281.264690437972,333.60594151416336,348.76047039746345
6.505422021684738,279.52126215215486,330.6048290533131,345.41878927548885
6.538783155129274,277.7969432796081,327.62736207447676,342.1013335928884
6.572144288573812,276.09170952214566,324.67355807154433,338.8081135243095
6.605505422018349,274.40553159955806,321.7434291882197,335.53913351599397
6.638866555462886,272.7383753643854,318.8369823756138,332.29439245815456
6.672227688907423,271.090201914948,315.95421954605587,329.0738838533914
6.70558882235196,269.4609677067076,313.0951377232132,325.8775959812341
6.738949955796497,267.8506246620282,310.2597291885735,322.7055120588841
6.772311089241034,266.25912027841633,307.44798162437576,319.5576103982418
6.805672222685572,264.68639773529856,304.65987825305734,316.43386455929175
6.839033356130109,263.1323959994058,301.89539797327944,313.33424349992157
6.872394489574646,261.59704992882735,299.1545154926056,310.2587117222486
6.905755623019183,260.0802903757918,296.43720145689355,307.2072294155314
6.93911675646372,258.58204428823757,293.7434225764759,304.1797525957259
6.972477889908257,257.1022348102229,291.07314174917866,301.1762332417703
7.005839023352794,255.64078138123017,288.42631818025063,298.19661942865656
7.039200156797332,254.19759983441222,285.8029074992639,295.24085545735824
7.072561290241868,252.7726024938319,283.20286187403883,292.30888198168344
7.105922423686406,251.36569827073168,280.626130121665,289.4006361321122
7.139283557130943,249.9767927588846,278.07265781666035,286.5160516366869
7.1726446905754795,248.60578832905188,275.5423873963401,283.65505893901263
7.206005824020017,247.25258422259733,273.035258263441,280.81758531343047
7.239366957464554,245.9170766442812,270.55120688606337,278.0035549774252
7.272728090909091,244.59915885426514,268.0901668949751,275.21288920132037
7.306089224353628,243.29872125936305,265.65206917834576,272.4455064153247
7.339450357798166,242.01565150355023,263.2368419739432,269.70132231397935
7.372811491242702,240.7498345577639,260.84441095886126,266.980249958065
7.4061726246872395,239.50115280900502,258.47469933682,264.2821998740225
7.439533758131777,238.26948614876693,256.12762792308826,261.60708015093735
7.472894891576314,237.05471206079628,253.8031152270778,258.9547965351415
7.506256025020852,235.85670570819818,251.5010775326611,256.32525252248536
7.539617158465389,234.67534001990285,249.22142897624994,253.71834944832247
7.5729782919099256,233.51048577648658,246.96408162269282,251.13398657526602
7.606339425354463,232.36201169536125,244.7289455390254,248.5720611787545
7.639700558799,231.22978451532643,242.51592886612949,246.032468630482
7.673061692243537,230.11366908048905,240.32493788833528,243.51510247973187
7.706422825688074,229.01352842353762,238.15587710101573,241.01985453266525
7.739783959132612,227.92922384838064,236.00864927621558,238.5466149296017
7.773145092577148,226.8606150121228,233.8831555263554,236.09527222034183
7.8065062260216855,225.80756000638468,231.77929536605225,233.6657134375699
7.839867359466223,224.7699154379482,229.69696677210248,231.25782416837774
7.87322849291076,223.74753650871327,227.63606624165894,228.87148862395458
7.906589626355297,222.74027709495334,225.59648884865294,226.50658970747753
7.939950759799834,221.74798982585494,223.5781282984898,224.16300908024647
7.973311893244372,220.77052616131496,221.58087698106797,221.84062722609647
8.006673026688908,219.80773646899064,219.60462602215028,219.5393235141313
8.040034160133445,218.85947010056867,217.64926533313334,217.25897625980926
8.073395293577983,217.92557546723836,215.71468365924943,214.99946278442042
8.10675642702252,217.005900114347,213.8007686262377,212.76065947299003
8.140117560467056,216.10029079521158,211.9074067855226,210.54244183064134
8.173478693911594,215.2085935440653,210.03448365794048,208.34468453745362
8.20683982735613,214.3306537481139,208.18188377604108,206.16726150184743
8.240200960800667,213.46631621867417,206.34949072501024,204.01004591252973
8.273562094245206,212.61542526137717,204.5371871822448,201.87291028903047
8.306923227689742,211.7778247454005,202.74485495561333,199.7557265308627
8.340284361134279,210.95335817171235,200.97237502044257,197.65836596533632
8.373645494578817,210.14186874029915,199.21962755526187,195.58069939405445
8.407006628023353,209.3431994163529,197.48649197633992,193.52259713812376
8.44036776146789,208.55719299538887,195.77284697105137,191.48392908210562
8.473728894912428,207.78369216727273,194.07857053010162,189.4645647167374
8.507090028356965,207.02253957913825,192.40353997865265,187.46437318045102
8.540451161801501,206.27357789715842,190.74763200637557,185.4832232997157
8.57381229524604,205.53664986716097,189.11072269646635,183.52098362823187
8.607173428690576,204.81159837405892,187.4926875536618,181.57752248500145
8.640534562135112,204.09826650007602,185.89340153128276,179.6527079913005
8.67389569557965,203.39649758174565,184.31273905734233,177.74640810657874
8.707256829024187,202.70613526567104,182.7505740597508,175.8584906633114
8.740617962468724,202.02702356301725,181.20677999064876,173.98882340082406
8.773979095913262,201.35900690272675,179.6812298499021,172.1372739981194
8.807340229357798,200.70193018343804,178.17379620779093,170.30371010572242
8.840701362802335,200.05563882409675,176.6843512269254,168.4879993765712
8.874062496246873,199.41997881324085,175.21276668341775,166.6900094959736
8.90742362969141,198.79479675695111,173.75891398734652,164.9096082106509
8.940784763135946,198.1799399254566,172.32266420253976,163.14666335689014
8.974145896580485,197.57525629838275,170.90388806571156,161.40104288782538
9.007507030025021,196.98059460863976,169.50245600498317,159.67261489986862
9.04086816346956,196.39580438493763,168.1182381578165,157.96124765830973
9.074229296914096,195.82073599292826,166.75110438839417,156.2668096221045
9.107590430358632,195.2552406749697,165.40092430447473,154.58916946787016
9.14095156380317,194.6991705885119,164.06756727375017,152.92819611310787
9.174312697247707,194.15237884309704,162.75090243974225,151.2837587386678
9.207673830692244,193.61471953598482,161.45079873725945,149.6557268104769
9.241034964136782,193.08604778639796,160.16712490744808,148.0439701005467
9.274396097581318,192.56621976839523,158.89974951246532,146.4483587072767
9.307757231025855,192.05509274237318,157.64854094980086,144.86876307507114
9.341118364470393,191.552525085207,156.41336746627445,143.3050540132852
9.37447949791493,191.05837631903893,155.19409717174298,141.7571027145172
9.407840631359466,190.57250713871798,153.9905980525313,140.22478077226165
9.441201764804005,190.09477943790563,152.80273798462738,138.7079601979384
9.474562898248541,189.62505633386164,151.63038474665572,137.20651343731424
9.507924031693078,189.1632021909112,150.4734060326624,135.72031338633008
9.541285165137616,188.7090826426249,149.33166946473008,134.24923340634876
9.574646298582152,188.26256461271092,148.20504260545223,132.79314733883808
9.608007432026689,187.82351633464492,147.09339297028555,131.35192951950222
9.641368565471227,187.39180737004796,145.99658803980614,129.9254547918739
9.674729698915764,186.9673086258415,144.9144952718874,128.51359852038405
9.708090832360302,186.5498923701802,143.8469821138274,127.11623660291708
9.741451965804838,186.1394322472058,142.79391601443805,125.73324548286881
9.774813099249375,185.73580329062048,141.75516443612148,124.36450216071613
9.808174232693911,185.3388819361156,140.73059486694885,123.00988420511334
9.84153536613845,184.94854603267308,139.72007483276238,121.66926976352332
9.874896499582986,184.56467485276016,138.72347190931322,120.34253757239976
9.908257633027524,184.1871491014456,137.7406537344558,119.02956696692748
9.941618766472061,183.81585092445542,136.77148802041032,117.73023789033509
9.9749798999166,183.4506639151981,135.81584256610807,116.44443090278841
10.008341033361134,183.0914731207818,134.87358526963416,115.17202718987734
10.041702166805672,182.73816504704484,133.94458414077718,113.9129085707049
10.075063300250209,182.39062766263052,133.02870731369865,112.66695750559006
10.108424433694747,182.04875040213344,132.12582305973086,111.4340571033925
10.141785567139284,181.7124241683292,131.2357998003142,110.21409112847122
10.175146700583822,181.38154133353575,130.3585061200778,109.0069440072841
10.208507834028357,181.0559957401134,129.49381078007377,107.8125008346404
10.241868967472895,180.735682700138,128.64158273116868,106.63064737961233
10.275230100917431,180.42049899427408,127.80169112759826,105.46127009111709
10.30859123436197,180.1103428698737,126.97400534068605,104.30425610317634
10.341952367806506,179.8051140383221,126.15839497273122,103.15949323986293
10.375313501251044,179.5047136716641,125.35472987106462,102.0268700199422
10.40867463469558,179.20904439853712,124.56288014227471,100.90627566121634
10.442035768140117,178.91801029942133,123.78271616659951,99.7976000845794
10.475396901584654,178.6315169012614,123.01410861248749,98.70073391779232
10.508758035029192,178.34947117145367,122.25692845131799,97.61556849898214
10.542119168473729,178.07178151124901,121.5110469722827,96.54199587987746
10.575480301918267,177.79835774858068,120.77633579741858,95.47990882878237
10.608841435362802,177.5291111303511,120.0526668967891,94.42920083330073
10.64220256880734,177.26395431419675,119.33991260380436,93.38976610281343
10.675563702251877,177.00280135975507,118.63794563067479,92.36149957071939
10.708924835696415,176.74556771946325,117.94663908398503,91.3442968964427
10.742285969140953,176.49217022890187,117.26586648038294,90.3380544672165
10.77564710258549,176.2425270967181,116.59550176237026,89.34266939964702
10.809008236030026,175.99655789413936,115.9354193141829,88.35803954106474
10.842369369474563,175.7541835441075,115.28549397775244,87.38406347066969
10.875730502919101,175.51532631005233,114.64560106872895,86.42064050047448
10.909091636363637,175.2799097843252,114.0156163925602,85.46767067605431
10.942452769808176,175.04785887631277,113.39541626060603,84.52505477710523
10.975813903252712,174.8190998002537,112.7848775062766,83.59269431781986
11.00917503669725,174.59356006277443,112.18387750117795,82.67049154708411
11.042536170141785,174.3711684501669,111.59229417125007,81.75834944849996
11.075897303586324,174.15185501542084,111.0100060128814,80.85617174024067
11.10925843703086,173.93555106503862,110.43689210898144,79.96386287474196
11.142619570475398,173.72218914563922,109.87283214499813,79.08132803823473
11.175980703919935,173.51170303037637,109.31770642485878,78.2084731501242
11.209341837364473,173.3040277051852,108.7713958868223,77.34520486221987
11.242702970809008,173.0990993548707,108.23378211922048,76.49143055782048
11.276064104253546,172.89685534905783,107.7047473760747,75.64705835065892
11.309425237698083,172.6972342280174,107.18417459257037,74.81199708371132
11.342786371142621,172.5001756883789,106.67194740036766,73.98615632787366
11.376147504587157,172.30562056874905,106.16795014273876,73.16944638051191
11.409508638031696,172.11351083524798,105.67206788950725,72.36177826388665
11.44286977147623,171.92378956697388,105.18418645177663,71.56306372345979
11.476230904920769,171.73640094141209,104.70419239643182,70.77321522608358
11.509592038365305,171.5512902198012,104.23197306039489,69.99214595807824
11.542953171809843,171.36840373246088,103.76741656462117,69.21976982320037
11.57631430525438,171.18768886410555,103.31041182781902,68.4560014405062
11.609675438698918,171.0090940391395,102.86084857987775,67.70075614211271
11.643036572143453,170.83256870695743,102.41861737499194,66.95394997086099
11.676397705587991,170.65806332725128,101.98360960446266,66.21549967788309
11.709758839032528,170.48552935533604,101.55571750916836,65.48532272007782
11.743119972477066,170.31491922750422,101.13483419168554,64.76333725749672
11.776481105921603,170.14618634641772,100.7208536280546,64.04946215064463
11.80984223936614,169.97928506654233,100.31367067916942,63.343616957696206
11.843203372810676,169.814170679636,99.91318110179068,62.645721931633204
11.876564506255214,169.6507994002984,99.5192815591617,61.95569801730317
11.90992563969975,169.4891283515863,99.13186963122384,61.27346684840387
11.943286773144289,169.329115550702,98.75084382442108,60.59895074439513
11.976647906588825,169.17071989476494,98.37610358108351,59.9320727073414
12.010009040033363,169.01390114666827,98.00754928838349,59.272756418686406
12.043370173477898,168.8586199210259,97.64508228685833,58.62092623596357
12.076731306922436,168.70483767021906,97.28860487849134,57.976507189443396
12.110092440366973,168.5525166705464,96.93802033434777,57.3394249787213
12.143453573811511,168.40162000847664,96.59323290175887,56.70960596924632
12.176814707256048,168.25211156701917,96.25414781105407,56.086977188795494
12.210175840700586,168.10395601220387,95.92067128183334,55.47146632389269
12.24353697414512,167.9571187796882,95.59271052878083,54.863001716177344
12.276898107589659,167.81156606147874,95.27017376701643,54.26151235872192
12.310259241034196,167.66726479278788,94.95297021698484,53.666927892302745
12.343620374478734,167.52418263901447,94.64101010888345,53.07917860162374
12.37698150792327,167.38228798285976,94.33420468662547,52.49819541149693
12.410342641367809,167.24154991157698,94.03246621134453,51.92390988297942
12.443703774812343,167.1019382043618,93.7357079644382,51.3562542094707
12.477064908256882,166.96342331987688,93.44384425015701,50.795161212769685
12.510426041701418,166.82597638392448,93.15679039773705,50.24056433909534
12.543787175145956,166.68956917725723,92.87446276308575,49.69239765507023
12.577148308590493,166.554174123538,92.59677873001988,49.15059584367056
12.610509442035031,166.41976427744515,92.32365671106373,48.61509420014248
12.643870575479566,166.28631331292223,92.05501614781211,48.08582862788723
12.677231708924104,166.15379551158202,91.79077751086446,47.562735634315636
12.71059284236864,166.02218575125602,91.53086229933311,47.04575232667414
12.743953975813179,165.8914594946958,91.27519303993986,46.534816407842996
12.777315109257716,165.76159277842507,91.02369328569931,46.029866172108015
12.810676242702254,165.6325622017435,90.77628761420479,45.53084050090733
12.844037376146792,165.50434491588135,90.53290162551663,45.037678858554024
12.877398509591327,165.37691861330634,90.29346193967054,44.55032128793633
12.910759643035865,165.25026151718322,90.05789619380583,44.06870840619524
12.944120776480402,165.1243523709837,89.8261330389288,43.5927814003827
12.97748190992494,164.99917042824956,89.59810213631808,43.12248202309897
13.010843043369476,164.87469544250513,89.37373415358046,42.65775258811234
13.044204176814015,164.75090765732256,89.15296076037033,42.198535965960545
13.07756531025855,164.62778779653775,88.93571462377791,41.74477557953632
13.110926443703088,164.50531705461407,88.72192940340223,41.296415399656105
13.144287577147624,164.38347708715796,88.51153974611289,40.85339994061528
13.177648710592162,164.26225000158033,88.30448128051582,40.41567425572828
13.211009844036699,164.1416183479092,88.10069061113089,39.98318393285645
13.244370977481237,164.02156510974643,87.90010531229397,39.555875089923276
13.277732110925772,163.90207369537015,87.70266392179049,39.13369437041831
13.31109324437031,163.78312792898558,87.50830593423551,38.71658893889031
13.344454377814847,163.6647120421151,87.31697179420902,38.30450647643105
13.377815511259385,163.5468106651354,87.12860288915361,37.897395176149296
13.411176644703922,163.42940881895169,86.9431415420538,37.49520373863713
13.44453777814846,163.31249190681777,86.76053100389704,37.09788136742824
13.477898911592995,163.19604570629068,86.5807154459361,36.70537776444994
13.511260045037533,163.08005636132538,86.40363995175586,36.317643125467846
13.54462117848207,162.9645103745046,86.2292505091615,35.934628135526815
13.577982311926608,162.84939459940466,86.0574940018924,35.55628396438556
13.611343445371144,162.73469623309765,85.88831820117592,35.18256226194818
13.644704578815682,162.62040280877943,85.72167175712919,34.81341515369183
13.678065712260217,162.5065021885344,85.55750419001956,34.44879523609217
13.711426845704755,162.3929825562281,85.3957658813918,34.08865557204596
13.744787979149292,162.27983241052678,85.23640806507491,33.732949686293445
13.77814911259383,162.16704055804303,85.07938281807355,33.38163156083912
13.811510246038367,162.05459610660768,84.92464305135698,33.034655630372924
13.844871379482905,161.9424884586649,84.7721425005523,32.691976777692176
13.87823251292744,161.83070730478892,84.62183571655157,32.353550329124715
13.911593646371978,161.71924261731817,84.47367805604114,32.01933204995407
13.944954779816515,161.60808464411343,84.32762567196242,31.689278139847758
13.978315913261053,161.49722390242778,84.18363550391007,31.36334522828854
14.01167704670559,161.38665117289597,84.0416652684794,31.041490370010266
14.045038180150128,161.276357493634,83.90167344956534,30.72367104043834
14.078399313594662,161.16633415445452,83.76361928862615,30.40984513113622
14.1117604470392,161.0565726911904,83.62746277491541,30.099970945257702
14.145121580483737,160.94706488012778,83.49316463569025,29.794007193007076
14.178482713928275,160.83780273254777,83.36068632640348,29.491912987106627
14.211843847372812,160.72877848937196,83.22999002088523,29.193647838273204
14.24520498081735,160.61998461591463,83.10103860152185,28.899171650704222
14.278566114261885,160.51141379673658,82.97379564943547,28.608444717574205
14.311927247706423,160.4030589305981,82.84822543467475,28.321427716542306
14.34528838115096,160.29491312551528,82.72429290641718,28.038081705272138
14.378649514595498,160.1869696939117,82.60196368319184,27.758368116964437
14.412010648040035,160.0792221478666,82.48120404312955,27.48224875590407
14.445371781484573,159.97166419445932,82.36198091423907,27.20968579302137
14.478732914929108,159.86428973120664,82.24426186472111,26.94064176146958
14.512094048373646,159.7570928415906,82.1280150933212,26.67507955221923
14.545455181818182,159.65006779067804,82.01320941972625,26.412962409670047
14.57881631526272,159.5432090208299,81.89981427500949,26.15425392728205
14.612177448707257,159.43651114749449,81.78779969212796,25.898918043226434
14.645538582151795,159.32996895509018,81.67713629647565,25.64691903605752
14.67889971559633,159.2235773929705,81.5677952964973,25.398221520406892
14.712260849040868,159.1173315714739,81.45974847436324,25.15279044270074
14.745621982485405,159.0112267580514,81.3529681767144,24.910591076901756
14.778983115929943,158.90525837348005,81.24742730547173,24.671589020276883
14.81234424937448,158.7994219881495,81.14309930872432,24.435750189191463
14.845705382819018,158.6937133184294,81.03995817168662,24.203040814932077
14.879066516263553,158.5881282231108,80.93797840773665,23.97342743955834
14.912427649708091,158.48266269992496,80.8371350495346,23.74687691178575
14.94578878315263,158.37731288213075,80.7374036402221,23.5233563829004
14.979149916597166,158.27207503517974,80.63876022470681,23.302833302706915
15.012511050041704,158.16694555344674,80.54118134103358,23.085275415511443
15.04587218348624,158.06192095703253,80.44464401184258,22.870650756140385
15.079233316930779,157.9569978886341,80.34912573591899,22.65892764599688
15.112594450375314,157.85217311048254,80.2546044798318,22.450074689156104
15.145955583819852,157.7474435013425,80.16105866966787,22.24406076850084
15.179316717264388,157.64280605358496,80.06846718285682,22.04085504189894
15.212677850708927,157.53825787031013,79.97680934009351,21.84042693842388
15.246038984153463,157.4337961625453,79.88606489735525,21.642746154620134
15.279400117598001,157.32941824649444,79.79621403801525,21.44778265081452
15.312761251042536,157.2251215408528,79.70723736505616,21.25550664747536
15.346122384487074,157.12090356417545,79.61911589337899,21.065888621620417
15.379483517931611,157.01676193230756,79.5318310422122,20.878899303275723
15.41284465137615,156.91269435586892,79.44536462762093,20.694509671986047
15.446205784820686,156.80869863779267,79.35969885511419,20.51269095337897
15.479566918265224,156.70477267092073,79.27481631235366,20.333414615783912
15.512928051709759,156.60091443564914,79.19069996196215,20.15665236690719
15.546289185154297,156.49712199762857,79.10733313443073,19.982376150565003
15.579650318598834,156.39339350551316,79.02469952112843,19.810558143475344
15.613011452043372,156.28972718876187,78.94278316741268,19.64117075211039
15.646372585487908,156.18612135548614,78.86156846583572,19.47418660961056
15.679733718932447,156.08257439034853,78.78104014945686,19.309578572761676
15.713094852376981,155.97908475250514,78.70118328524912,19.147319719036272
15.74645598582152,155.8756509735978,78.62198326760917,18.987383343700476
15.779817119266056,155.77227165578824,78.54342581196377,18.829742956987538
15.813178252710594,155.66894546983846,78.46549694847673,18.674372281338893
15.846539386155131,155.56567115323415,78.38818301585263,18.521245248714305
15.87990051959967,155.46244750835083,78.31147065523886,18.370335997971566
15.913261653044204,155.35927340065987,78.23534680422436,18.221618872317034
15.946622786488742,155.25614775697943,78.15979869093523,18.075068416827648
15.979983919933279,155.15306956375986,78.08481382822667,17.930659376045533
16.01334505337782,155.05003786541357,78.01038000796744,17.788366691645358
16.04670618682235,154.94705176268002,77.93648529542232,17.64816550017597
16.080067320266892,154.84411041102877,77.8631180237255,17.510031130875664
16.11342845371143,154.74121301910083,77.79026678844826,17.37393910356294
16.146789587155965,154.63835884718438,77.7179204422572,17.239865126601874
16.1801507206005,154.5355472057262,77.64606808966509,17.1077850949434
16.21351185404504,154.43277745387817,77.57469908187181,16.97767508824198
16.246872987489574,154.3300489980779,77.50380301169274,16.849511369048297
16.280234120934114,154.22736129066098,77.43336970857865,16.723270381077615
16.31359525437865,154.12471382850762,77.36338923372051,16.598928747553916
16.346956387823187,154.02210615171904,77.29385187524215,16.476463269629626
16.380317521267724,153.91953784232732,77.22474814347805,16.35585092488049
16.413678654712264,153.81700852303237,77.15606876633589,16.23706886587533
16.447039788156797,153.7145178559729,77.08780468474254,16.120094418820095
16.480400921601337,153.6120655415235,77.01994704817321,16.004905082275652
16.513762055045873,153.50965131711968,76.95248721026054,15.891478525948559
16.54712318849041,153.40727495611543,76.8854167244863,15.779792589553908
16.580484321934946,153.3049362666623,76.81872733995093,15.66982528174952
16.613845455379487,153.20263509061817,76.75241099722268,15.561554779140055
16.64720658882402,153.10037130248406,76.68645982426307,15.454959425350406
16.68056772226856,152.99814480836153,76.62086613242926,15.350017730166577
16.713928855713096,152.89595554494016,76.55562241255167,15.246708368743102
16.747289989157633,152.79380347850764,76.49072133108604,15.145010180875193
16.78065112260217,152.69168860398102,76.42615572633783,15.04490217033445
16.81401225604671,152.58961094396835,76.36191860476005,14.946363504266053
16.847373389491242,152.48757054784534,76.29800313732017,14.849373512645938
16.880734522935782,152.3855674908595,76.2344026559393,14.753911687796068
16.91409565638032,152.28360187325606,76.17111064999811,14.659957683955822
16.947456789824855,152.18167381942337,76.10812076291242,14.567491316907436
16.98081792326939,152.07978347705912,76.0454267887748,14.476492563653755
17.01417905671393,151.97793101636074,75.98302266906177,14.38694156214534
17.047540190158465,151.87611662923203,75.92090248940613,14.29881861105583
17.080901323603005,151.77434052851058,75.85906047643203,14.212104169602096
17.11426245704754,151.6726029472164,75.79749099465566,14.126778857407707
17.147623590492078,151.57090413781586,75.73618854344329,14.042823454406927
17.180984723936618,151.46924437150764,75.6751477540334,13.960218900786527
17.214345857381154,151.3676239375228,75.61436338661692,13.878946296963743
17.24770699082569,151.26604314244753,75.55383032747667,13.798986903596758
17.281068124270227,151.16450230955797,75.49354358618416,13.72032214162614
17.314429257714764,151.06300177817442,75.4334982928532,13.642933592343885
17.3477903911593,150.9615419030327,75.37368969544926,13.566802997488097
17.38115152460384,150.8601230536699,75.31411315715357,13.491912259360047
17.414512658048377,150.75874561382577,75.25476415378105,13.418243440961712
17.447873791492913,150.65740998086127,75.19563827125093,13.345778766150382
17.48123492493745,150.55611656519173,75.13673120311029,13.274500619808558
17.514596058381986,150.45486578973254,75.07803874810578,13.204391548025784
17.547957191826523,150.3536580893606,75.01955680781015,13.135434258290376
17.581318325271063,150.2524939103918,74.96128138429353,13.067611619688249
17.6146794587156,150.15137371006887,74.90320857784509,13.000906663106482
17.648040592160136,150.0502979560644,74.84533458474228,12.935302581438865
17.681401725604672,149.94926712599732,74.78765569506584,12.870782729791344
17.71476285904921,149.8482817069604,74.73016829056085,12.807330625684722
17.748123992493746,149.7473421950623,74.67286884254345,12.744929949252407
17.781485125938286,149.64644909498017,74.61575390984929,12.683564543430833
17.814846259382822,149.54560291952654,74.55882013682903,12.623218414140501
17.84820739282736,149.44480418922447,74.50206425138173,12.563875730455361
17.881568526271895,149.34405343189675,74.44548306303348,12.505520824758312
17.91492965971643,149.24335118226574,74.38907346105505,12.448138192881373
17.948290793160968,149.14269798156377,74.33283241261981,12.391712494227864
17.981651926605508,149.0420943771532,74.27675696100133,12.336228551875283
18.015013060050045,148.94154092215945,74.22084422380915,12.28167135265699
18.04837419349458,148.8410381751109,74.16509139126251,12.228026047220933
18.081735326939118,148.74058669959322,74.1094957245013,12.175277950063904
18.115096460383654,148.64018706390615,74.05405455393239,12.123412539539835
18.14845759382819,148.53983984073912,73.99876527761326,12.072415457840803
18.18181872727273,148.4395456068473,73.9436253596683,12.022272510949147
18.215179860717267,148.339304942743,73.88863232874206,11.972969668560065
18.248540994161804,148.23911843239205,73.83378377648336,11.924493063972761
18.28190212760634,148.13898666292073,73.77907735606442,11.876828993950081
18.315263261050877,148.0389102243306,73.72451078073063,11.82996391854468
18.348624394495413,147.9388897092212,73.67008182238332,11.783884460891967
18.381985527939953,147.83892571252144,73.61578831019247,11.738577406967975
18.41534666138449,147.7390188312281,73.56162812923931,11.6940297053127
18.448707794829026,147.6391696641519,73.5075992191911,11.650228466717168
18.482068928273563,147.53937881167266,73.45369957300205,11.60716096387475
18.5154300617181,147.43964687549982,73.39992723564485,11.564814630995858
18.548791195162636,147.3399744584398,73.3462803028681,11.523177063385772
18.582152328607176,147.24036216417312,73.29275691998467,11.482236016985622
18.615513462051712,147.14081059703506,73.23935528068237,11.441979407876243
18.64887459549625,147.0413203618044,73.1860736258646,11.402395311744826
18.682235728940785,146.94189206350055,73.13291024251534,11.36347196331461
18.715596862385322,146.8425263071813,73.07986346258822,11.325197755737834
18.74895799582986,146.74322369775362,73.02693166192255,11.287561239951595
18.7823191292744,146.64398483978462,72.97411325918183,11.250551123997605
18.815680262718935,146.54481033732446,72.92140671481678,11.21415627230575
18.84904139616347,146.44570079372718,72.86881053005092,11.178365704941958
18.882402529608008,146.34665681148547,72.8163232458898,11.143168596821017
18.915763663052545,146.2476789920635,72.76394344215075,11.108554276884501
18.94912479649708,146.1487679357401,72.71166973651714,11.074512227244881
18.98248592994162,146.0499242414556,72.65950078361081,11.041032082296146
19.015847063386158,145.95114850666224,72.60743527408732,11.008103627791629
19.049208196830694,145.85244132718285,72.55547193375216,10.975716799889874
19.08256933027523,145.7538032970687,72.50360952269423,10.943861684169413
19.115930463719767,145.65523500847044,72.45184683444175,10.91252851461313
19.14929159716431,145.55673705150394,72.40018269513607,10.88170767256294
19.182652730608844,145.45831001412924,72.34861596272408,10.851389685646124
19.21601386405338,145.3599544820275,72.29714552616937,10.821565226673833
19.24937499749792,145.26167103848658,72.24577030468102,10.792225112512769
19.282736130942457,145.16346026428724,72.19448924696017,10.763360302931266
19.316097264386997,145.06532273759575,72.1433013304643,10.734961899420485
19.34945839783153,144.9672590338609,72.09220556068688,10.707021143991932
19.382819531276066,144.86926972571112,72.0412009704549,10.67952941795212
19.416180664720606,144.7713553828603,71.99028661924199,10.65247824065561
19.449541798165143,144.6735165720132,71.93946159249779,10.62585926823753
19.48290293160968,144.57575385677694,71.8887250009908,10.599664292326361
19.516264065054216,144.47806779757477,71.8380759801695,10.57388523873825
19.549625198498756,144.38045895156355,71.78751368953525,10.548514166153872
19.582986331943292,144.2829278725538,71.73703731203189,10.523543264779047
19.616347465387825,144.18547511093502,71.68664605344804,10.498964854989776
19.649708598832365,144.0881012136014,71.63633914183325,10.474771385963312
19.683069732276902,143.990806723882,71.58611582692883,10.45095543429577
19.716430865721442,143.8935921814752,71.535975379611,10.427509702607876
19.749791999165975,143.79645812238206,71.48591709134693,10.404427018139287
19.78315313261051,143.69940507884732,71.43594027366323,10.381700331333093
19.81651426605505,143.6024335793007,71.38604425762901,10.359322714411078
19.849875399499588,143.50554414829898,71.33622839334672,10.337287359941007
19.883236532944125,143.40873730647462,71.28649204945931,10.315587579396746
19.91659766638866,143.31201357048514,71.23683461266671,10.29421680171233
19.9499587998332,143.21537345296255,71.18725548725345,10.273168571830851
19.983319933277738,143.11881746247056,71.1377540946282,10.252436549249023
20.01668106672227,143.02234610345926,71.08832987287374,10.232014506558553
20.05004220016681,142.92595987622235,71.03898227630798,10.211896327984977
20.083403333611347,142.82965927686215,70.9897107750543,10.192076007925008
20.116764467055887,142.73344479724835,70.9405148546232,10.17254764948301
20.15012560050042,142.63731692498575,70.89139401550328,10.153305463007817
20.183486733944957,142.54127614338032,70.84234777276174,10.134343764630257
20.216847867389497,142.44532293140946,70.79337565565464,10.115656974802379
20.250209000834033,142.349457763691,70.7444772072465,10.097239616839364
20.28357013427857,142.2536811104583,70.69565198403885,10.079086315464101
20.316931267723106,142.157993437535,70.64689955560702,10.061191795356331
20.350292401167646,142.06239520630882,70.59821950424704,10.04355087970565
20.383653534612183,141.9668868737128,70.5496114246287,10.02615848877019
20.417014668056716,141.8714688922045,70.50107492346021,10.009009638441022
20.450375801501256,141.7761417097467,70.45260961915757,9.992099438812902
20.483736934945792,141.68090576979114,70.40421514152304,9.975423092762195
20.517098068390332,141.5857615112634,70.35589113143287,9.958975894532356
20.550459201834865,141.49070936854844,70.30763724053028,9.942753228327419
20.583820335279402,141.3957497714787,70.25945313092711,9.926750566914363
20.617181468723942,141.30088314532293,70.21133847491231,9.910963470234362
20.65054260216848,141.2061099107772,70.16329295466795,9.89538758402378
20.683903735613015,141.11143048395522,70.11531626199084,9.880018638445021
20.71726486905755,141.01684527638338,70.06740809802265,9.8648524467281
20.75062600250209,140.9223546949924,70.01956817298544,9.849884903822753
20.783987135946628,140.8279591421157,69.97179620592382,9.835111985061841
20.81734826939116,140.73365901548354,69.92409192445331,9.820529744836444
20.8507094028357,140.63945470822242,69.87645506451565,9.806134315282772
20.884070536280237,140.54534660885363,69.82888537013876,9.791921904981029
20.917431669724778,140.45133510129276,69.78138259320382,9.777888797667162
20.95079280316931,140.35742056485122,69.73394649321763,9.764031350957044
20.984153936613847,140.26360337423844,69.68657683708976,9.750345995083704
21.017515070058387,140.16988389956424,69.63927339891667,9.736829231648034
21.050876203502924,140.07626250634297,69.59203595977023,9.723477632382405
21.08423733694746,139.98273955549934,69.54486430749161,9.710287837928469
21.117598470391997,139.8893154033721,69.4977582364907,9.697256556628407
21.150959603836537,139.79599040172405,69.45071754754889,9.68438056333022
21.184320737281073,139.7027648977457,69.40374204762972,9.671656698207096
21.217681870725606,139.60963923406695,69.35683154969185,9.65908186559111
21.251043004170146,139.51661374876323,69.30998587250649,9.646653032821074
21.284404137614683,139.42368877536765,69.263204840482,9.634367229104988
21.317765271059223,139.33086464288004,69.21648828348991,9.622221544396904
21.351126404503756,139.23814167577947,69.1698360366974,9.610213128288342
21.384487537948292,139.14552019403519,69.12324794040215,9.598339188914402
21.417848671392832,139.05300051312003,69.07672383987378,9.586596991874536
21.45120980483737,138.96058294402272,69.03026358519676,9.574983859168029
21.48457093828191,138.868267793263,68.98386703111963,9.563497168144146
21.51793207172644,138.77605536290469,68.93753403690569,9.552134350467039
21.551293205170982,138.68394595057234,68.89126446618918,9.540892891095346
21.58465433861552,138.59193984946515,68.84505818683527,9.529770327276674
21.61801547206006,138.50003734837483,68.798915070802,9.518764247556424
21.65137660550459,138.4082387317003,68.75283499400736,9.507872290801554
21.684737738949128,138.31654427946648,68.70681783619908,9.49709214523889
21.718098872393668,138.22495426734216,68.66086348082804,9.48642154750786
21.751460005838204,138.1334689666557,68.61497181492457,9.475858281727897
21.784821139282737,138.04208864441642,68.56914272897814,9.465400178580174
21.818182272727277,137.95081356333134,68.52337611682034,9.455045114403669
21.851543406171814,137.85964398182625,68.47767187551096,9.444791010305613
21.884904539616354,137.7685801540639,68.43202990522697,9.434635831286032
21.918265673060887,137.67762232996586,68.38645010915336,9.424577585376428
21.951626806505427,137.58677075523195,68.34093239337913,9.414614322792408
21.984987939949963,137.49602567135946,68.2954766667933,9.404744135100243
22.018349073394504,137.40538731566863,68.25008284098655,9.394965154397237
22.051710206839036,137.3148559213204,68.20475083015265,9.385275552505652
22.085071340283573,137.2244317173384,68.15948055099439,9.375673540180335
22.118432473728113,137.13411492863426,68.11427192263126,9.366157366329583
22.15179360717265,137.0439057760256,68.0691248665101,9.356725317249559
22.185154740617183,136.95380447626172,68.02403930631722,9.347375715871538
22.218515874061723,136.86381124204584,67.97901516789402,9.338106921022588
22.25187700750626,136.773926282057,67.93405237915411,9.328917326698642
22.2852381409508,136.6841498009748,67.88915087000278,9.319805361351042
22.318599274395332,136.59448199950282,67.84431057225873,9.310769487184858
22.351960407839872,136.50492307439123,67.79953141957834,9.301808199470322
22.38532154128441,136.4154732184625,67.75481334738139,9.292920025866433
22.41868267472895,136.3261326206335,67.71015629277869,9.284103525756521
22.45204380817348,136.2369014659414,67.66556019450287,9.275357289596082
22.485404941618018,136.14777993556766,67.62102499283965,9.266679938272448
22.51876607506256,136.05876820686277,67.57655062956155,9.25807012247611
22.552127208507095,135.9698664533705,67.53213704786441,9.249526522083679
22.585488341951628,135.88107484485332,67.48778419230347,9.241047845552242
22.618849475396168,135.7923935473173,67.44349200873367,9.23263282932501
22.652210608840704,135.7038227230372,67.39926044425027,9.224280237248129
22.685571742285244,135.61536253058196,67.35508944713143,9.215988859998259
22.718932875729777,135.5270131248397,67.31097896678145,9.207757514521218
22.752294009174317,135.43877465704372,67.26692895367808,9.199585043481047
22.785655142618854,135.35064727479647,67.22293935931937,9.19147031471979
22.819016276063394,135.26263112209799,67.17901013617153,9.183412220727362
22.852377409507927,135.17472633936828,67.13514123762064,9.175409678121797
22.885738542952463,135.08693306347584,67.09133261792341,9.167461627139454
22.919099676397003,134.99925142776226,67.04758423216097,9.15956703113508
22.95246080984154,134.91168156206697,67.00389603619286,9.151724876091615
22.985821943286076,134.82422359275583,66.9602679866139,9.1439341701396
23.019183076730613,134.73687764274393,66.91670004070981,9.13619394308592
23.05254421017515,134.64964383152426,66.87319215641713,9.128503245951865
23.08590534361969,134.56252227519192,66.82974429228197,9.120861150520362
23.119266477064222,134.47551308647084,66.7863564074215,9.11326674889206
23.152627610508763,134.38861637473875,66.7430284614857,9.105719153050277
23.1859887439533,134.3018322460561,66.69976041462071,9.098217494434639
23.21934987739784,134.21516080318787,66.65655222743337,9.090760923523298
23.252711010842372,134.12860214563244,66.61340386095577,9.083348609423352
23.28607214428691,134.04215636964656,66.57031527661361,9.075979739469721
23.31943327773145,133.95582356827268,66.5272864361916,9.068653518831933
23.352794411175985,133.86960383136218,66.4843173018036,9.061369170129064
23.38615554462052,133.78349724560442,66.44140783586143,9.05412593305223
23.419516678065058,133.6975038945497,66.39855800104583,9.046923063995056
23.452877811509595,133.61162385863756,66.35576776027771,9.03975983569145
23.486238944954135,133.5258572152212,66.31303707669025,9.032635536860901
23.51960007839867,133.44020403859395,66.27036591360284,9.025549471861014
23.552961211843208,133.35466440001412,66.22775423449475,9.018500960347334
23.586322345287744,133.26923836773153,66.18520200298022,9.011489336939816
23.619683478732284,133.18392600701344,66.1427091827847,9.004513950896595
23.65304461217682,133.09872738016918,66.10027573772045,8.997574165794319
23.686405745621354,133.0136425465754,66.05790163166564,8.990669359215119
23.719766879065894,132.92867156270344,66.01558682854042,8.98379892244006
23.75312801251043,132.84381448214282,65.9733312922879,8.976962260149183
23.78648914595497,132.7590713556271,65.93113498685261,8.970158790127465
23.819850279399503,132.67444223105997,65.88899787616069,8.963387942977315
23.85321141284404,132.58992715353853,65.84691992410248,8.956649161836761
23.88657254628858,132.50552616538107,65.80490109451245,8.949941902103875
23.919933679733116,132.42123930614937,65.76294135115221,8.943265631166737
23.953294813177653,132.3370666126753,65.72104065769449,8.936619828139229
23.98665594662219,132.2530081190853,65.67919897770516,8.930003983602438
24.02001708006673,132.1690638568249,65.63741627462889,8.923417599351422
24.053378213511266,132.0852338546839,65.59569251177334,8.916860188147462
24.0867393469558,132.00151813882013,65.55402765229461,8.910331273475487
24.12010048040034,131.91791673278456,65.5124216591829,8.903830389306782
24.153461613844875,131.8344296575458,65.47087449525029,8.897357079866584
24.186822747289416,131.7510569315135,65.4293861231162,8.890910899406808
24.22018388073395,131.66779857056372,65.38795650519594,8.884491411983474
24.253545014178485,131.5846545880621,65.34658560368848,8.878098191239202
24.286906147623025,131.50162499488835,65.30527338056524,8.871730820189843
24.32026728106756,131.41870979945986,65.26401979755913,8.865388891016273
24.353628414512098,131.33590900775553,65.22282481615306,8.859072004860307
24.386989547956635,131.25322262333935,65.18168839757159,8.852779771625103
24.420350681401175,131.17065064738432,65.14061050276999,8.84651180977993
24.45371181484571,131.08819307869464,65.09959109242592,8.840267746169024
24.487072948290244,131.0058499137316,65.05863012692969,8.834047215824768
24.520434081734784,130.92362114663348,65.01772756637696,8.827849861784713
24.55379521517932,130.8415067692413,64.97688337056003,8.821675334912694
24.58715634862386,130.75950677112084,64.93609749896056,8.81552329372385
24.620517482068394,130.6776211395842,64.89536991074235,8.80939340421335
24.65387861551293,130.59584985971532,64.85470056474433,8.803285339688934
24.68723974895747,130.51419291439012,64.81408941947409,8.797198780606951
24.720600882402007,130.43265028430022,64.77353643310197,8.791133414412323
24.753962015846543,130.35122194797484,64.73304156345492,8.785088935381587
24.78732314929108,130.26990788180333,64.69260476801102,8.779065044469569
24.82068428273562,130.1887080600565,64.6522260038945,8.773061449159455
24.854045416180156,130.10762245490966,64.61190522787047,8.76707786331616
24.88740654962469,130.02665103646476,64.57164239634113,8.761114007042655
24.92076768306923,129.9457937727705,64.53143746534,8.755169606539827
24.954128816513766,129.86505062984472,64.49129039052981,8.749244393969164
24.987489949958306,129.78442157169704,64.45120112719694,8.743338107318483
25.02085108340284,129.7039065603484,64.41116963024876,8.737450490270774
25.05421221684738,129.6235055558528,64.371195854211,8.731581292075731
25.087573350291915,129.54321851631985,64.33127975322314,8.725730267424236
25.120934483736452,129.4630453979336,64.29142128103724,8.719897176325604
25.15429561718099,129.3829861549745,64.25162039101495,8.714081783987561
25.187656750625525,129.30304073984053,64.21187703612445,8.70828386069874
25.221017884070065,129.2232091030662,64.17219116893905,8.702503181713988
25.2543790175146,129.143491193345,64.13256274163568,8.696739527142064
25.287740150959134,129.0638869575481,64.09299170599277,8.690992681835887
25.321101284403674,128.98439634074515,64.05347801338861,8.685262435285184
25.35446241784821,128.90501928622484,64.01402161480033,8.679548581511558
25.38782355129275,128.82575573551372,63.97462246080307,8.673850918965867
25.421184684737284,128.74660562839676,63.935280501568904,8.668169250427928
25.454545818181824,128.66756890293664,63.89599568686563,8.662503382908369
25.48790695162636,128.588645495494,63.85676796605721,8.656853127552765
25.521268085070897,128.50983534074575,63.817597288102824,8.651218299547839
25.554629218515434,128.43113837170452,63.77848360155645,8.64559871802978
25.58799035195997,128.35255451973939,63.739426854567505,8.639994205994642
25.62135148540451,128.27408371459242,63.700426994880274,8.634404590210654
25.654712618849047,128.19572588439934,63.66148396983403,8.628829701132622
25.688073752293587,128.11748095570658,63.62259772636477,8.623269372818134
25.72143488573812,128.03934885349236,63.58376821100402,8.617723442845644
25.754796019182656,127.96132950118282,63.544995369880255,8.612191752234528
25.788157152627196,127.88342282067201,63.50627914872002,8.606674145366764
25.821518286071733,127.80562873233805,63.467619492848456,8.601170469910405
25.85487941951627,127.72794715506348,63.42901634719005,8.595680576744892
25.888240552960806,127.650378006252,63.39046965627027,8.59020431988789
25.921601686405342,127.57292120184628,63.35197936421645,8.584741556423815
25.954962819849882,127.49557665634636,63.313545414759396,8.579292146434087
25.988323953294415,127.4183442828258,63.275167751235124,8.573855952928733
26.021685086738955,127.34122399295057,63.236846316585634,8.568432841779694
26.055046220183492,127.26421569699579,63.198581053360904,8.563022681655626
26.088407353628032,127.18731930386235,63.160371903720986,8.557625343958057
26.121768487072565,127.11053472109455,63.12221880943766,8.55224070275908
26.1551296205171,127.03386185489715,63.08412171189591,8.546868634740477
26.18849075396164,126.95730061015138,63.046080552096456,8.541509019134134
26.221851887406178,126.88085089043297,63.0080952706581,8.536161737663793
26.255213020850714,126.8045125980264,62.970165807819114,8.530826674488306
26.28857415429525,126.72828563394363,62.932292103439536,8.525503716145803
26.321935287739787,126.6521698979389,62.89447409700405,8.520192751499582
26.355296421184327,126.5761652885253,62.8567117276244,8.514893671684819
26.38865755462886,126.50027170299091,62.81900493404127,8.509606370056762
26.4220186880734,126.42448903741452,62.78135365462687,8.50433074213999
26.455379821517937,126.34881718668137,62.743757827387476,8.499066685578693
26.488740954962477,126.27325604449886,62.70621738996703,8.493814100088404
26.52210208840701,126.19780550341184,62.668732279648246,8.48857288740849
26.555463221851547,126.12246545481817,62.63130243335646,8.483342951255946
26.588824355296087,126.04723578898468,62.593927787662096,8.478124197280065
26.622185488740623,125.97211639506014,62.55660827878273,8.472916533018337
26.65554662218516,125.89710716109293,62.51934384258777,8.46771986785319
26.688907755629696,125.8222079740443,62.48213441459945,8.462534112969768
26.722268889074233,125.74741871980329,62.444979929997,8.457359181314636
26.755630022518773,125.67273928320206,62.40788032361902,8.452194987555554
26.788991155963306,125.59816954802989,62.3708355299668,8.44704144804194
26.822352289407846,125.52370939704677,62.33384548320732,8.441898480766485
26.855713422852382,125.44935871200018,62.296910117176196,8.43676600532743
26.889074556296922,125.37511737363597,62.26002936538113,8.43164394289184
26.922435689741455,125.30098526171548,62.223203161004875,8.42653221615967
26.95579682318599,125.22696225502722,62.18643143690813,8.421430749328628
26.98915795663053,125.15304823140191,62.149714125633444,8.416339468059881
27.02251909007507,125.07924306772541,62.113051159407775,8.411258299444498
27.055880223519605,125.00554663995327,62.07644247014626,8.406187171970746
27.08924135696414,124.93195882312253,62.039887989454876,8.401126015491993
27.12260249040868,124.85847949136786,62.0033876486347,8.396074761195486
27.155963623853218,124.78510851793142,61.966941378684105,8.391033341571783
27.18932475729775,124.7118457751782,61.93054911030311,8.386001690384813
27.22268589074229,124.6386911346085,61.89421077389583,8.380979742642818
27.256047024186827,124.56564446687102,61.85792629957497,8.375967434569707
27.289408157631367,124.49270564177498,61.8216956171636,8.370964703577235
27.3227692910759,124.41987452830318,61.78551865620018,8.365971488237887
27.356130424520437,124.3471509946252,61.74939534594088,8.360987728258056
27.389491557964977,124.27453490810824,61.71332561536389,8.356013364452295
27.422852691409513,124.20202613533105,61.67730939317158,8.351048338717726
27.45621382485405,124.12962454209539,61.64134660779512,8.346092594009392
27.489574958298586,124.05732999343864,61.605437187397364,8.341146074315807
27.522936091743126,123.98514235364495,61.569581059876626,8.336208724635554
27.556297225187663,123.9130614862582,61.53377815286931,8.331280490953892
27.589658358632196,123.84108725409234,61.49802839375451,8.32636132022026
27.623019492076736,123.76921951924527,61.462331709656574,8.321451160326182
27.656380625521273,123.69745814310835,61.42668802744878,8.316549960083695
27.689741758965813,123.62580298637866,61.391097273757225,8.311657669204216
27.723102892410346,123.55425390907098,61.35555937496343,8.30677423827802
27.756464025854882,123.48281077052808,61.320074257208816,8.301899618754014
27.789825159299422,123.41147342943215,61.284641846397015,8.29703376292021
27.82318629274396,123.34024174381707,61.24926206819847,8.29217662388437
27.8565474261885,123.26911557107688,61.21393484805279,8.287328155555386
27.88990855963303,123.19809476797901,61.1786601111729,8.282488312624826
27.92326969307757,123.12717919067373,61.14343778254872,8.277657050549108
27.956630826522108,123.05636869470597,61.108267786949185,8.272834325531953
27.989991959966645,122.98566313502454,61.073150048927396,8.268020094507346
28.02335309341118,122.91506236599317,61.03808449282286,8.263214315122806
28.056714226855718,122.84456624140141,61.00307104276551,8.25841694572306
28.090075360300258,122.77417461447408,60.968109622678796,8.253627945334133
28.123436493744794,122.70388733788155,60.93320015628302,8.248847273647815
28.156797627189327,122.63370426375101,60.89834256709891,8.244074891006427
28.190158760633867,122.56362524367471,60.86353677845083,8.239310758387902
28.223519894078404,122.49365012872055,60.828782713470325,8.23455483739138
28.256881027522944,122.42377876944298,60.79408029509914,8.229807090223053
28.290242160967477,122.3540110158907,60.759429446093,8.225067479682163
28.323603294412017,122.28434671761788,60.72483008902455,8.220335969147682
28.356964427856553,122.21478572369303,60.69028214628672,8.215612522564886
28.39032556130109,122.14532788270817,60.655785540096105,8.210897104432663
28.423686694745626,122.07597304278912,60.62134019249655,8.206189679790814
28.457047828190163,122.00672105160369,60.58694602536133,8.20149021420765
28.490408961634703,121.93757175637174,60.552602960398026,8.196798673768175
28.52377009507924,121.86852500387315,60.5183109191503,8.192115025062165
28.557131228523772,121.79958064045813,60.484069823002166,8.187439235172764
28.590492361968312,121.73073851205483,60.449879593180114,8.182771271665262
28.62385349541285,121.66199846417972,60.41574015075761,8.178111102576192
28.65721462885739,121.59336034194408,60.381651416657064,8.173458696402612
28.690575762301922,121.5248239900652,60.347613311653745,8.168814022091587
28.723936895746462,121.45638925287298,60.31362575637858,8.164177049030172
28.757298029191,121.38805597431893,60.279688671321615,8.15954774703526
28.79065916263554,121.31982399798548,60.245801976834606,8.154926086343982
28.82402029608007,121.25169316709267,60.21196559313453,8.150312037604138
28.857381429524608,121.1836633245081,60.17817944030631,8.14570557186495
28.890742562969148,121.11573431275312,60.14444343830652,8.14110666056802
28.924103696413685,121.04790597401252,60.11075750696572,8.136515275538427
28.957464829858218,120.98017815014212,60.077121565991426,8.131931388976087
28.990825963302758,120.9125506826763,60.04353553497215,8.127354973447346
29.024187096747294,120.84502341283601,60.00999933337873,8.12278600187676
29.057548230191834,120.7775961815363,59.976512880568976,8.118224447538937
29.090909363636367,120.71026882939415,59.94307609578942,8.11367028405077
29.124270497080907,120.64304119673676,59.90968889817886,8.109123485363721
29.157631630525444,120.57591312360745,59.87635120677111,8.104584025756328
29.190992763969984,120.50888444977441,59.84306294049755,8.100051879826918
29.224353897414517,120.4419550147377,59.809824018190405,8.095527022486324
29.257715030859053,120.37512465773648,59.77663435858571,8.091009428951088
29.291076164303593,120.3083932177559,59.74349388032581,8.086499074736494
29.32443729774813,120.24176053353509,59.71040250196182,8.08199593564996
29.357798431192663,120.1752264435726,59.67736014195731,8.077499987784567
29.391159564637203,120.10879078613596,59.64436671869054,8.07301120751263
29.42452069808174,120.04245339926526,59.611422150456995,8.068529571479576
29.45788183152628,119.9762141207835,59.578526355472896,8.064055056597827
29.491242964970812,119.91007278830038,59.54567925187683,8.059587640040911
29.524604098415352,119.84402923922049,59.512880757733036,8.05512729923771
29.55796523185989,119.77808331075,59.48013079103454,8.050674011866771
29.59132636530443,119.71223483990312,59.447429269705005,8.04622775585087
29.624687498748962,119.64648366350751,59.41477611160102,8.041788509351523
29.6580486321935,119.58082961821192,59.38217123451649,8.037356250763887
29.69140976563804,119.51527254049232,59.349614556183234,8.032930958711505
29.724770899082575,119.44981226665806,59.31710599427446,8.028512612041359
29.758132032527108,119.38444863285758,59.28464546640726,8.024101189818975
29.791493165971648,119.31918147508554,59.25223289014531,8.019696671323697
29.824854299416184,119.25401062918742,59.21986818300055,8.015299036043917
29.858215432860725,119.18893593086779,59.18755126243689,8.010908263672645
29.89157656630526,119.12395721569386,59.15528204587156,8.006524334102997
29.924937699749798,119.05907431910293,59.12306045067821,8.002147227423926
29.958298833194334,118.99428707640756,59.090886394189,7.997776923915869
29.991659966638874,118.92959532280172,59.05875979369708,7.993413404046751
30.02502110008341,118.86499889336535,59.026680566459184,7.989056648467875
30.058382233527944,118.80049762307215,58.994648629697636,7.98470663801
30.091743366972484,118.73609134679357,58.962663900602905,7.980363353679503
30.12510450041702,118.67177989930325,58.93072629633573,7.976026776654597
30.15846563386156,118.60756311528598,58.898835734029674,7.971696888281708
30.191826767306093,118.54344082933956,58.86699213079322,7.9673736700718685
30.22518790075063,118.47941287598154,58.83519540371184,7.963057103697233
30.25854903419517,118.41547908965492,58.80344546985092,7.958747170987645
30.291910167639706,118.35163930473257,58.77174224625688,7.954443853927431
30.325271301084243,118.28789335552325,58.74008564996052,7.950147134651884
30.35863243452878,118.22424107627538,58.70847559797808,7.945856995444416
30.39199356797332,118.16068230118339,58.67691200731446,7.94157341873319
30.425354701417856,118.09721686439202,58.64539479496458,7.937296387088314
30.45871583486239,118.0338446000015,58.61392387791573,7.933025883218724
30.49207696830693,117.97056534207152,58.58249917314959,7.928761889969413
30.525438101751465,117.90737892462793,58.55112059764463,7.924504390318506
30.558799235196005,117.84428518166548,58.5197880683776,7.9202533673746505
30.59216036864054,117.78128394715445,58.48850150232612,7.916008804374286
30.625521502085075,117.71837505504284,58.457260816470175,7.91177068467899
30.658882635529615,117.6555583392635,58.42606592779463,7.907538991772928
30.69224376897415,117.59283363373714,58.39491675329055,7.903313709260441
30.725604902418688,117.53020077237713,58.36381320995763,7.89909482086355
30.758966035863224,117.46765958909465,58.33275521480629,7.894882310419605
30.792327169307764,117.40520991780168,58.301742684858986,7.890676161878904
30.8256883027523,117.34285159241583,58.27077553715267,7.886476359302606
30.859049436196834,117.28058444686616,58.23985368874003,7.882282886860281
30.892410569641374,117.21840831509512,58.20897705669204,7.878095728827983
30.92577170308591,117.1563230310642,58.178145558099324,7.873914869585999
30.95913283653045,117.09432842875736,58.147359110073985,7.869740293616894
30.992493969974984,117.03242434218537,58.116617629751865,7.865571985503401
31.02585510341952,116.97061060539042,58.08592103429372,7.861409929926662
31.05921623686406,116.90888705244822,58.05526924088733,7.857254111663989
31.092577370308597,116.84725351747451,58.02466216674882,7.853104515587427
31.125938503753133,116.7857098346272,57.99409972912518,7.8489611266616
31.15929963719767,116.72425583811054,57.9635818452954,7.844823929942051
31.19266077064221,116.66289136217935,57.933108432571835,7.840692910573591
31.226021904086746,116.60161624114184,57.902679408302426,7.8365680537885165
31.25938303753128,116.54043030936536,57.87229468987271,7.832449344904965
31.29274417097582,116.47933340127675,57.84195419470604,7.8283367693253645
31.326105304420356,116.41832535136899,57.811657840266754,7.824230312534826
31.359466437864896,116.35740599420387,57.781405544060625,7.820129960099604
31.39282757130943,116.29657516441422,57.75119722363724,7.81603569766568
31.426188704753965,116.2358326967093,57.721032796590976,7.811947510957192
31.459549838198505,116.1751784258776,57.69091218056314,7.807865385775093
31.49291097164304,116.11461218678888,57.66083529324236,7.803789307995745
31.52627210508758,116.05413381439955,57.63080205236767,7.799719263569571
31.559633238532115,115.993743143755,57.60081237572872,7.795655238519716
31.592994371976655,115.93344000999252,57.57086618116754,7.791597218940763
31.62635550542119,115.87322424834498,57.54096338658073,7.787545190997483
31.659716638865724,115.81309569414508,57.511103909919775,7.783499140923638
31.693077772310264,115.75305418282531,57.4812876691932,7.779459055020714
31.7264389057548,115.69309954992539,57.45151458246769,7.775424919656869
31.75980003919934,115.63323163109153,57.42178456786972,7.771396721265613
31.793161172643874,115.57345026208183,57.39209754358648,7.767374446344875
31.82652230608841,115.51375527876779,57.3624534278677,7.763358081455859
31.85988343953295,115.45414651713895,57.33285213902687,7.7593476132219115
31.893244572977487,115.39462381330297,57.303293595442014,7.755343028327621
31.926605706422023,115.33518700349268,57.27377771555794,7.75134431351771
31.95996683986656,115.27583592406428,57.24430441788665,7.747351455596075
31.9933279733111,115.2165704115037,57.2148736210093,7.743364441424871
32.02668910675564,115.15739030242757,57.1854852435771,7.7393832579235555
32.06005024020018,115.0982954335866,57.1561392043123,7.735407892067899
32.093411373644706,115.03928564186782,57.12683542200993,7.731438330889226
32.12677250708925,114.98036076429779,57.09757381553912,7.727474561473459
32.160133640533786,114.92152063804451,57.06835430384295,7.723516570960324
32.19349477397832,114.86276510042042,57.03917680594196,7.719564346542453
32.22685590742286,114.80409398888541,57.01004124093306,7.715617875464663
32.260217040867396,114.74550714104834,56.980947527991795,7.711677145023115
32.29357817431193,114.68700439466994,56.951895586373475,7.7077421425645465
32.32693930775647,114.62858558766555,56.92288533541395,7.703812855485578
32.360300441201005,114.57025055810738,56.89391669453087,7.699889271231921
32.39366157464554,114.51199914422637,56.864989583224904,7.6959713772976714
32.427022708090085,114.45383118441475,56.83610392108045,7.69205916122467
32.46038384153462,114.39574651722955,56.807259627767124,7.688152610601767
32.49374497497915,114.33774498139294,56.77845662304069,7.684251713064192
32.527106108423695,114.27982641579567,56.74969482674367,7.680356456292913
32.56046724186823,114.22199065949849,56.72097415880678,7.676466828013969
32.59382837531277,114.16423755173605,56.692294539250256,7.672582815997898
32.627189508757304,114.10656693191656,56.66365588818391,7.668704408059121
32.66055064220184,114.04897863962556,56.635058125808904,7.664831592055396
32.69391177564638,113.99147251462806,56.606501172418454,7.660964355887172
32.727272909090914,113.93404839686949,56.57798494839865,7.657102687497075
32.76063404253545,113.87670612647857,56.54950937422952,7.653246574869435
32.79399517597999,113.81944554376945,56.521074370486005,7.649396006029592
32.82735630942453,113.76226648924286,56.49267985783892,7.64555096904356
32.86071744286907,113.70516880358875,56.46432575705537,7.641711452017422
32.894078576313596,113.64815232768788,56.43601198900031,7.637877443096845
32.92743970975814,113.59121690261418,56.40773847463706,7.634048930466659
32.960800843202676,113.53436236963532,56.3795051350281,7.630225902350322
32.99416197664721,113.4775885702157,56.35131189133586,7.626408347009479
33.02752311009175,113.42089534601907,56.32315866482442,7.622596252743583
33.060884243536286,113.36428253890747,56.29504537685855,7.618789607889371
33.09424537698082,113.30774999094605,56.266971948906644,7.614988400820531
33.12760651042536,113.25129754440214,56.238938302539566,7.6111926199471585
33.160967643869895,113.19492504174946,56.21094435943285,7.60740225371555
33.19432877731443,113.1386323256678,56.18299004136692,7.603617290607618
33.227689910758976,113.08241923904478,56.15507527022779,7.599837719140613
33.26105104420351,113.02628562498,56.12719996800779,7.596063527866733
33.29441217764804,112.97023132678261,56.09936405680669,7.5922947053727645
33.327773311092585,112.91425618797577,56.0715674588318,7.588531240279727
33.36113444453712,112.85836005229741,56.04381009639929,7.584773121242458
33.39449557798166,112.80254276370145,56.01609189193454,7.581020336949401
33.427856711426195,112.74680416635947,55.9884127679729,7.577272876122209
33.46121784487073,112.69114410466224,55.96077264716049,7.573530727515387
33.49457897831527,112.63556242322147,55.93317145225484,7.569793879916015
33.527940111759804,112.58005896686987,55.9056091061252,7.5660623221434875
33.56130124520434,112.52463358066483,55.878085531753385,7.562336043049123
33.59466237864888,112.4692861098867,55.85060065223528,7.55861503151597
33.62802351209342,112.41401640004335,55.823154390779635,7.554899276458434
33.66138464553796,112.3588242968698,55.79574667071054,7.551188766822026
33.69474577898249,112.30370964632863,55.76837741546671,7.547483491583157
33.72810691242703,112.24867229461405,55.741046548602775,7.543783439748785
33.76146804587157,112.1937120881497,55.713753993789645,7.54008860035619
33.7948291793161,112.13882887359279,55.68649967481518,7.536398962472768
33.82819031276064,112.08402249783406,55.659283515584605,7.532714515195706
33.861551446205176,112.02929280799796,55.63210544012113,7.52903524765177
33.89491257964971,111.97463965144593,55.60496537256652,7.525361148997137
33.92827371309425,111.92006287577631,55.57786323718169,7.521692208417075
33.961634846538786,111.86556232882508,55.550798958347,7.51802841512577
33.99499597998332,111.81113785866799,55.523772460562896,7.5143697583660725
34.028357113427866,111.75678931362107,55.49678366845086,7.510716227409342
34.0617182468724,111.70251654224188,55.46983250675301,7.507067811555206
34.09507938031693,111.64831939332953,55.44291890033318,7.503424500131311
34.128440513761475,111.5941977159281,55.416042774177306,7.499786282493252
34.16180164720601,111.54015135932451,55.38920405339389,7.496153148024252
34.19516278065055,111.48618017305249,55.3624026632146,7.492525086135011
34.228523914095085,111.4322840068915,55.335638528994224,7.488902086263577
34.26188504753962,111.37846271086822,55.3089115762118,7.485284137875092
34.29524618098416,111.3247161352575,55.282221730470155,7.481671230461668
34.328607314428695,111.27104413058385,55.255568917497406,7.478063353542181
34.36196844787324,111.21744654762149,55.22895306314678,7.474460496662145
34.39532958131777,111.16392323739585,55.20237409339647,7.470862649393495
34.42869071476231,111.1104740511828,55.175831934351535,7.467269801334488
34.46205184820685,111.0570988405129,55.149326512242745,7.463681942109486
34.495412981651384,111.0037974571679,55.12285775342779,7.460099061368858
34.52877411509592,110.95056975318549,55.09642558439159,7.456521148788773
34.56213524854046,110.89741558085711,55.07002993174625,7.4529481940711655
34.595496381984994,110.84433479273046,55.043670722231916,7.449380186943403
34.62885751542953,110.79132724160975,55.01734788271694,7.445817117158337
34.66221864887407,110.73839278055554,54.99106134019803,7.442258974494094
34.6955797823186,110.68553126288745,54.96481102180098,7.43870574875392
34.72894091576314,110.63274254218246,54.93859685478043,7.43515742976603
34.76230204920768,110.58002647227782,54.91241876652078,7.4316140073836285
34.79566318265221,110.52738290726995,54.88627668453617,7.428075471484602
34.829024316096756,110.47481170151572,54.86017053647079,7.424541811971467
34.86238544954129,110.42231270963426,54.83410025009943,7.421013018771287
34.89574658298583,110.36988578650498,54.80806575332704,7.417489081835533
34.929107716430366,110.3175307872706,54.78206697419024,7.413969991139965
34.9624688498749,110.26524756733667,54.756103840856355,7.41045573668451
34.99582998331944,110.2130359823719,54.73017628162446,7.406946308493156
35.029191116763975,110.16089588830927,54.70428422492536,7.403441696613882
35.06255225020851,110.10882714134657,54.678427599321765,7.399941891118553
35.09591338365305,110.05682959794615,54.65260633350875,7.396446882102702
35.129274517097585,110.00490311483661,54.626820356314106,7.39295665968558
35.16263565054213,109.95304754901188,54.60106959669792,7.389471214009998
35.19599678398666,109.90126275773386,54.57535398375323,7.385990535242232
35.2293579174312,109.84954859852996,54.549673446706734,7.382514613571924
35.26271905087574,109.7979049291957,54.52402791491835,7.379043439211988
35.296080184320274,109.74633160779501,54.49841731788114,7.375577002398509
35.32944131776481,109.69482849265931,54.472841585222604,7.372115293390736
35.36280245120935,109.64339544239002,54.44730064670353,7.368658302470875
35.396163584653884,109.5920323158562,54.421794432219656,7.365206019944069
35.42952471809842,109.54073897219747,54.39632287180027,7.361758436138338
35.46288585154296,109.48951527082389,54.37088589560983,7.358315541404405
35.49624698498749,109.43836107141425,54.345483433947166,7.35487732611577
35.52960811843204,109.38727623391911,54.320115417245795,7.3514437806684425
35.562969251876574,109.33626061855965,54.29478177607468,7.348014895481031
35.5963303853211,109.2853140858287,54.26948244113766,7.3445906609945535
35.62969151876565,109.23443649649049,54.24421734327399,7.341171067672439
35.66305265221018,109.1836277115806,54.218986413457905,7.337756106000415
35.69641378565472,109.13288759240747,54.19378958280012,7.334345766486418
35.729774919099256,109.08221600055214,54.168626782545985,7.330940039660559
35.76313605254379,109.031612797868,54.143497944077666,7.3275389160750795
35.79649718598833,108.98107784648083,54.11840299891266,7.324142386304201
35.829858319432866,108.93061100879102,54.09334187870441,7.320750440944129
35.8632194528774,108.88021214747111,54.068314515242925,7.317363070612948
35.89658058632194,108.82988112546816,54.04332084045412,7.3139802659506
35.92994171976648,108.77961780600266,54.01836078640063,7.310602017618749
35.96330285321102,108.72942205256948,53.99343428528117,7.307228316300824
35.99666398665555,108.67929372893705,53.968541269431064,7.303859152701808
36.03002512010009,108.62923269914897,53.94368167132227,7.300494517548384
36.06338625354463,108.57923882752307,53.91885542356349,7.297134401588643
36.096747386989165,108.52931197865217,53.894062458899825,7.2937787955922
36.1301085204337,108.4794520174034,53.86930271021374,7.290427690350066
36.16346965387824,108.4296588089199,53.844576110524144,7.2870810766745695
36.196830787322774,108.3799322186188,53.81988259298681,7.2837389453993575
36.23019192076731,108.33027211219326,53.795222090894775,7.280401287379344
36.26355305421185,108.28067835561143,53.77059453767798,7.277068093490576
36.296914187656384,108.23115081511693,53.745999866903354,7.273739354630214
36.33027532110093,108.1816893572294,53.7214380122749,7.270415061716563
36.363636454545464,108.13229384874343,53.69690890763378,7.267095205688888
36.39699758799,108.08296415672969,53.67241248695839,7.263779777507426
36.43035872143454,108.03370014853404,53.647948684363996,7.260468768153387
36.46371985487907,107.98450169177926,53.62351743410344,7.257162168628799
36.49708098832361,107.93536865436258,53.59911867056636,7.253859969956493
36.53044212176815,107.88630090445756,53.574752328280226,7.250562163180134
36.56380325521268,107.83729831051448,53.550418341909065,7.24726873936405
36.59716438865722,107.7883607412584,53.526116646254195,7.243979689593289
36.630525522101756,107.73948806569042,53.50184717625484,7.240695004973473
36.6638866555463,107.69068015308811,53.47760986698653,7.237414676630798
36.69724778899083,107.64193687300471,53.45340465366247,7.2341386957120735
36.73060892243537,107.59325809526888,53.42923147163312,7.230867053384488
36.76397005587991,107.54464368998495,53.40509025638562,7.227599740835739
36.797331189324446,107.49609352753437,53.38098094354494,7.224336749273873
36.83069232276898,107.44760747857285,53.35690346887251,7.2210780699273185
36.86405345621352,107.39918541403237,53.33285776826716,7.217823694044828
36.897414589658055,107.35082720512052,53.30884377776494,7.2145736128953235
36.93077572310259,107.30253272332088,53.28486143353862,7.211327817768006
36.96413685654713,107.25430184039163,53.26091067189805,7.2080862999722894
36.997497989991665,107.20613442836695,53.23699142929,7.204849050837636
37.0308591234362,107.15803035955607,53.21310364229802,7.201616061713617
37.064220256880745,107.10998950654384,53.1892472476429,7.198387323969915
37.097581390325274,107.06201174218997,53.165422182181395,7.1951628289961285
37.13094252376982,107.01409693962867,53.141628382907825,7.191942568201859
37.164303657214354,106.96624497227008,53.11786578695266,7.188726533016636
37.19766479065889,106.91845571379801,53.09413433158311,7.185514714889844
37.23102592410343,106.87072903817173,53.07043395420289,7.182307105290734
37.264387057547964,106.82306481962482,53.04676459235237,7.179103695708327
37.2977481909925,106.77546293266506,53.02312618370773,7.175904477651436
37.33110932443704,106.72792325207395,52.999518666081975,7.1727094426485545
37.36447045788157,106.68044565290795,52.975941977424135,7.169518582247882
37.39783159132611,106.633030010497,52.95239605581937,7.166331888017265
37.431192724770646,106.58567620044455,52.92888083948905,7.163149351544116
37.46455385821519,106.53838409862763,52.90539626679006,7.159970964435456
37.49791499165972,106.49115358119717,52.8819422762156,7.156796718317768
37.53127612510426,106.44398452457634,52.85851880639442,7.153626604837078
37.5646372585488,106.39687680546199,52.83512579609097,7.150460615658847
37.597998391993336,106.34983030082357,52.81176318420519,7.147298742467914
37.63135952543787,106.30284488790298,52.78843090977255,7.144140976968496
37.66472065888241,106.25592044421431,52.765128911964105,7.140987310884166
37.698081792326946,106.20905684754392,52.74185713008549,7.137837735957765
37.73144292577148,106.16225397595072,52.7186155035783,7.13469224395142
37.76480405921602,106.11551170776397,52.69540397201837,7.1315508266464605
37.798165192660555,106.0688299215856,52.67222247511699,7.128413475843368
37.83152632610509,106.02220849628847,52.64907095272011,7.125280183361804
37.864887459549635,105.97564731101563,52.625949344808035,7.122150941040555
37.898248592994165,105.92914624518195,52.602857591495784,7.119025740737456
37.93160972643871,105.88270517847194,52.57979563303308,7.115904574329339
37.964970859883245,105.83632399084087,52.556763409803345,7.112787433712095
37.99833199332778,105.79000256251354,52.53376086232458,7.1096743108005676
38.03169312677232,105.74374077398451,52.51078793124842,7.106565197528479
38.065054260216854,105.6975385060183,52.48784455736084,7.103460085848472
38.09841539366139,105.65139563964775,52.464930681581166,7.10035896773204
38.13177652710593,105.6053120561748,52.442046244962306,7.097261835169524
38.165137660550464,105.55928763717044,52.41919118869061,7.094168680169952
38.198498793995,105.51332226447317,52.396365454086094,7.091079494761197
38.23185992743954,105.46741582019004,52.37356898260144,7.087994270989796
38.265221060884066,105.42156818669545,52.35080171582243,7.08491300092094
38.29858219432861,105.37577924663083,52.32806359546812,7.08183567663847
38.331943327773146,105.33004888290627,52.305354563389535,7.078762290244883
38.36530446121768,105.28437697869643,52.2826745615707,7.075692833861127
38.39866559466222,105.23876341744342,52.26002353212797,7.072627299626781
38.432026728106756,105.19320808285578,52.23740141730967,7.069565679699852
38.4653878615513,105.14771085890739,52.21480815949638,7.066507966256869
38.498748994995836,105.10227162983784,52.19224370120069,7.063454151492699
38.532110128440365,105.05689028015134,52.16970798506645,7.06040422762067
38.56547126188491,105.01156669461733,52.14720095386943,7.057358186872452
38.598832395329445,104.9663007582699,52.12472255051679,7.0543160214979554
38.63219352877398,104.92109235640665,52.10227271804661,7.051277723765486
38.66555466221852,104.87594137458937,52.07985139962823,7.0482432859614885
38.698915795663055,104.8308476986428,52.05745853856181,7.045212700390722
38.7322769291076,104.78581121465524,52.03509407827804,7.04218595937603
38.76563806255213,104.7408318089772,52.01275796233824,7.039163055258414
38.798999195996664,104.69590936822209,51.9904501344342,7.036143980397046
38.83236032944121,104.65104377926482,51.96817053838729,7.033128727169078
38.86572146288574,104.60623492924223,51.94591911814955,7.030117287969741
38.89908259633028,104.56148270555173,51.92369581780237,7.027109655212282
38.93244372977482,104.51678699585254,51.90150058155672,7.024105821327853
38.96580486321935,104.47214768806346,51.87933335375307,7.021105778765612
38.99916599666389,104.4275646703641,51.85719407886104,7.018109519992539
39.03252713010843,104.38303783119314,51.8350827014791,7.015117037493529
39.065888263552964,104.33856705924921,51.81299916633498,7.012128323771252
39.0992493969975,104.29415224348892,51.79094341828461,7.009143371346197
39.13261053044204,104.24979327312865,51.76891540231246,7.006162172756591
39.16597166388658,104.20549003764233,51.746915063531304,7.00318472055838
39.19933279733111,104.1612424267612,51.72494234718177,7.000211007325234
39.232693930775646,104.11705033047448,51.702997198632666,6.997241025648405
39.26605506422019,104.07291363902797,51.68107956337981,6.994274768136813
39.299416197664726,104.02883224292415,51.65918938704731,6.991312227416895
39.332777331109256,103.98480603292194,51.63732661538572,6.988353396132697
39.3661384645538,103.94083490003526,51.615491194273034,6.985398266945741
39.399499597998336,103.89691873553382,51.593683069713784,6.9824468325350075
39.43286073144287,103.85305743094243,51.571902187839214,6.979499085596943
39.46622186488741,103.80925087803939,51.55014849490733,6.976555018845382
39.499582998331945,103.76549896885818,51.52842193730168,6.973614625011554
39.53294413177649,103.72180159568545,51.50672246153226,6.97067789684396
39.56630526522102,103.67815865106047,51.485050014234474,6.967744827108449
39.599666398665555,103.63457002777639,51.46340454216976,6.964815408588126
39.6330275321101,103.59103561887812,51.441785992224254,6.961889634083306
39.66638866555463,103.54755531766223,51.420194311409865,6.958967496411511
39.69974979899917,103.50412901767679,51.398629446863,6.9560489884074155
39.73311093244371,103.46075661272167,51.377091345844775,6.953134102922827
39.76647206588824,103.41743799684666,51.35557995574078,6.950222832826599
39.79983319933278,103.37417306435144,51.33409522406113,6.947315171004685
39.83319433277732,103.33096170978634,51.312637098439616,6.944411110360042
39.866555466221854,103.28780382795013,51.291205526634016,6.941510643812593
39.89991659966639,103.24469931389059,51.26980045652558,6.938613764299218
39.93327773311093,103.20164806290461,51.248421836119164,6.935720464773724
39.96663886655547,103.15864997053569,51.22706961354246,6.932830738206773
40.0,103.11570493257553,51.205743737046184,6.929944577585869
