r_kpc,v_km_s,a_m_s2
0.1,432.7741561044886,1872934.7019195226
0.2,431.4165879632514,930601.3618492691
0.30000000000000004,430.0748152146149,616547.8222729503
0.4,428.74853940795805,459563.27511114336
0.5,427.43746817585384,365405.5784011681
0.6,426.141315120504,302660.7007543878
0.7000000000000001,424.8597997017259,257865.49914655802
0.8,423.5926471264686,224288.41337451118
0.9,422.33958823987854,198189.69754958907
1.0,421.1003594179068,177325.51270189031
1.1,419.87470246146097,160267.96887918215
1.2000000000000002,418.6623644920978,146065.1462017618
1.3000000000000003,417.46309784925836,134058.0292814611
1.4000000000000001,416.2766599890403,123775.8983225936
1.5000000000000002,415.10281338450295,114873.5637864863
1.6,413.9413254275024,107092.13806042341
1.7000000000000002,412.79196833205106,100233.65242320532
1.8000000000000003,411.65451903919234,94144.13502521596
1.9000000000000001,410.5287591233878,88702.0326670466
2.0,409.41447470040583,83810.10604710462
2.1,408.3114563367056,79389.64065514354
2.2,407.2194989603038,75376.23651521857
2.3000000000000003,406.13840177312,71716.69625861922
2.4000000000000004,405.06796816478476,68366.69118047794
2.5000000000000004,404.0080056279018,65288.98744457388
2.6,402.9583256747551,62452.0816271546
2.7,401.9187437554443,59829.139474797965
2.8000000000000003,400.88907917744075,57397.16207276298
2.9000000000000004,399.8691550265472,55136.32453160167
3.0000000000000004,398.8587980892518,53029.446937734174
3.1,397.8578387764589,51061.56770189509
3.2,396.86611104858633,49219.59690588401
3.3000000000000003,395.8834523420119,47492.032678251504
3.4000000000000004,394.9097034968559,45868.72762234548
3.5000000000000004,393.94470868608465,44340.69528621831
3.6,392.9883153459193,42899.948888451036
3.7,392.04037410753455,41539.36619739882
3.8000000000000003,391.1007387300329,40252.57574609933
3.9000000000000004,390.16926603467584,39033.86055334299
4.0,389.2458158403593,37878.07628730672
4.1,388.3302509003146,36780.58140592714
4.2,387.42243684001977,35737.17727787122
4.3,386.5222420963045,34744.0566593382
4.3999999999999995,385.62953785763284,33797.75919733897
4.5,384.74419800554585,32895.132866429034
4.6,383.8660990572486,32033.300435962916
4.7,382.99512010932494,31209.630218628987
4.8,382.1311427825621,30421.710475897267
4.9,381.27405116787014,29667.326957950947
5.0,380.42373177327823,28944.443139261428
5.1,379.58007347199134,28251.18277980438
5.2,378.74296745149104,27585.81449883869
5.3,377.91230716366397,26946.738095427077
5.4,377.0879882759403,26332.472389258455
5.5,376.26990862342745,25741.64438826954
5.6,375.4579681620208,25172.9796172059
5.7,374.6520689224758,24625.293464542374
5.8,373.85211496542695,24097.48342484876
5.9,373.0580123373336,23588.522130352907
6.0,372.2696690273409,23097.45107962099
6.1,371.4869949250367,22623.374983349877
6.2,370.70990177909107,22165.45665759086
6.3,369.93830315676047,21722.91240357194
6.4,369.1721144042427,21295.007820890503
6.5,368.4112526078676,20881.054007399696
6.6,367.65563655610634,20480.40410476906
6.7,366.90518670238623,20092.45015359894
6.8,366.1598251286951,19716.620226217146
6.9,365.4194755099613,19352.375808981913
7.0,364.68406307919327,18999.209409135572
7.1,363.95351459336655,18656.642364065334
7.2,363.2277583000422,18324.222833288037
7.3,362.50672390470277,18001.52395563293
7.4,361.7903425387935,17688.142155991558
7.5,361.0785467284533,17383.695587670914
7.6,360.37127036392303,17087.822697856278
7.7,359.6684486696168,16800.180904988152
7.8,358.9700181748453,16520.44537800625
7.9,358.2759166851754,16248.307908430726
8.0,357.58608325441566,15983.475867154235
8.1,356.90045815721396,15725.671238620893
8.2,356.2189828622553,15474.629725782896
8.3,355.54160000604736,15230.09991986267
8.4,354.8682533672825,14991.842529517355
8.5,354.1988878417632,14759.62966451082
8.6,353.5334494178814,14533.244169454152
8.7,352.8718851526374,14312.479003583461
8.8,352.21414314819026,14097.136662910665
8.9,351.56017252892656,13887.028641412202
9.0,350.909923419037,13681.974928217158
9.1,350.26334692059174,13481.803538023605
9.2,349.620395092101,13286.350072212696
9.3,348.9810209275541,13095.457308348165
9.4,348.34517833592474,12908.974815945447
9.5,347.71282212113226,12726.75859657286
9.6,347.0839079624512,12548.670746509093
9.700000000000001,346.4583923953573,12374.579140327356
9.8,345.8362327928024,12204.357133909938
9.9,345.2173873469077,12037.883285517666
10.0,344.6018150510673,11875.041093649
10.1,343.98947568245256,11715.718750523627
10.200000000000001,343.3803297849084,11559.808910116904
10.3,342.77433865223435,11407.208469755013
10.4,342.1714643118403,11257.818364356634
10.5,341.5716695087692,11111.54337247694
10.6,340.9749176900803,10968.291933373306
10.700000000000001,340.38117298958133,10827.9759743704
10.8,339.79040021290734,10690.510747856271
10.9,339.20256482293263,10555.814677289523
11.0,338.61763292551296,10423.809211643404
11.1,338.0355712555488,10294.418687753623
11.200000000000001,337.45634716336207,10167.570200074959
11.3,336.8799286013814,10043.193477386885
11.4,336.3062841111257,9921.220766020455
11.5,335.7353828104838,9801.58671920888
11.6,335.1671943812795,9684.228292191241
11.700000000000001,334.60168905711765,9569.084642724447
11.8,334.0388376115052,9456.097036681824
11.9,333.4786113462398,9345.208758438357
12.0,332.9209820800609,9236.365025762687
12.1,332.3659221375574,9129.512908954452
12.200000000000001,331.81340433832526,9024.601253982699
12.3,331.2634019863705,8921.58060939705
12.4,330.7158888597514,8820.403156798018
12.5,330.17083920045445,8721.022644666587
12.6,329.62822770449907,8623.3943253658
12.700000000000001,329.0880295122662,8527.474895139068
12.8,328.550220199044,8433.222436940649
12.9,328.0147757657892,8340.59636594426
13.0,327.4816726300942,8249.557377584937
13.1,326.95088761736037,8160.067397998459
13.200000000000001,326.42239795216943,8072.08953673064
13.3,325.8961812498497,7985.588041596608
13.4,325.37221550823205,7900.528255577268
13.5,324.85047909959286,7816.876575647038
13.6,324.3309507627776,7734.600413432888
13.700000000000001,323.81360959550165,7653.668157610799
13.8,323.29843504682594,7574.049137951212
13.9,322.7854069098003,7495.713590929883
14.0,322.2745053142735,7418.632626825692
14.1,321.7657107198645,7342.778198231173
14.200000000000001,321.2590039090921,7268.123069905777
14.3,320.75436598065863,7194.640789905895
14.4,320.25177834288445,7122.3056619291665
14.5,319.7512227072907,7051.092718814305
14.6,319.2526810823249,6980.977697140593
14.700000000000001,318.7561357672278,6911.937012874514
14.8,318.26156934603785,6843.947738013706
14.9,317.76896468172987,6776.987578181106
15.0,317.2783049104845,6711.034851124691
15.1,316.7895734360866,6646.068466080642
15.200000000000001,316.3027539244482,6582.067903959871
15.3,315.8178302982544,6519.013198320067
15.4,315.3347867317281,6456.884917087302
15.5,314.85360764551234,6395.664144993176
15.6,314.3742777016661,6335.332466695145
15.700000000000001,313.8967817987719,6275.871950549414
15.8,313.4211050671521,6217.265133007265
15.9,312.94723286419185,6159.495003607214
16.0,312.47515076976583,6102.544990536743
16.1,312.00484458176635,6046.398946738644
16.200000000000003,311.5363003117312,5991.041136538344
16.3,311.0695041805674,5936.456222769572
16.400000000000002,310.60444261437124,5882.629254377086
16.500000000000004,310.1411022403392,5829.54565447591
16.6,309.67946988277026,5777.1912088478075
16.700000000000003,309.21953255915616,5725.552054856469
16.8,308.7612774763579,5674.614670763838
16.900000000000002,308.3046920268668,5624.365865430839
17.000000000000004,307.8497637851472,5574.792768386525
17.1,307.396480504061,5525.8828202505
17.200000000000003,306.9448301113688,5477.6237634940135
17.3,306.4948007063098,5430.003633526043
17.400000000000002,306.04638055625543,5383.010750091052
17.500000000000004,305.5995580934368,5336.633708965935
17.6,305.15432191174375,5290.861373944098
17.700000000000003,304.7106607635937,5245.682869095246
17.8,304.2685635568688,5201.087571289904
17.900000000000002,303.8280193519203,5157.06510297826
18.000000000000004,303.3890173586379,5113.605325213326
18.1,302.9515469335827,5070.698330908881
18.200000000000003,302.5155975771828,5028.334438323076
18.3,302.0811589309894,4986.504184758998
18.400000000000002,301.64822077499286,4945.19832047385
18.500000000000004,301.2167730249965,4904.40780278877
18.6,300.7868057300473,4864.123790391678
18.700000000000003,300.3583090699221,4824.337637825819
18.8,299.93127335266803,4785.040890157067
18.900000000000002,299.50568901219606,4746.225277813243
19.000000000000004,299.081546605926,4707.882711589088
19.1,298.65883681248266,4670.00527781074
19.200000000000003,298.23755042944026,4632.585233653797
19.300000000000004,297.8176783711172,4595.61500260944
19.400000000000002,297.39921166641585,4559.087170093073
19.500000000000004,296.98214145670994,4522.994479190423
19.6,296.5664589937763,4487.329826536081
19.700000000000003,296.1521556377711,4452.086258319725
19.800000000000004,295.7392228552491,4417.25696641549
19.900000000000002,295.3276522172247,4382.83528463005
20.000000000000004,294.9174353972741,4348.814685065267
20.1,294.50856416967855,4315.188774591326
20.200000000000003,294.10103040760555,4281.951291426501
20.300000000000004,293.69482608132927,4249.096101819814
20.400000000000002,293.28994325648847,4216.61719683305
20.500000000000004,292.8863740923812,4184.5086892186455
20.6,292.4841108402945,4152.764810390177
20.700000000000003,292.08314584187036,4121.3799074822855
20.800000000000004,291.6834715275053,4090.3484404969695
20.900000000000002,291.2850804147833,4059.664979533338
21.000000000000004,290.88796510694164,4029.3242020979656
21.1,290.49211829136914,3999.3208904932126
21.200000000000003,290.097532738135,3969.6499292808153
21.300000000000004,289.70420129854864,3940.3063028183087
21.400000000000002,289.31211690374926,3911.2850928658254
21.500000000000004,288.9212725633247,3882.5814762609743
21.6,288.53166136395896,3854.19072265955
21.700000000000003,288.14327646810744,3826.1081923399165
21.800000000000004,287.7561111126997,3798.329334069008
21.900000000000002,287.3701586078686,3770.8496830279237
22.000000000000004,286.985412335706,3743.664858795235
22.1,286.6018657490434,3716.770563386094
22.200000000000003,286.21951237025826,3690.1625793454236
22.300000000000004,285.83834579010426,3663.836767893417
22.400000000000002,285.458359666565,3637.7890671216956
22.500000000000004,285.07954772373193,3612.0154902385575
22.6,284.70190375070484,3586.512123861752
22.700000000000003,284.3254216005139,3561.275126357267
22.800000000000004,283.9500951890645,3536.300726222753
22.900000000000002,283.5759184941029,3511.585220514152
23.000000000000004,283.20288555420296,3487.124973314216
23.1,282.8309904677727,3462.916414241616
23.200000000000003,282.46022739208206,3438.9560369994265
23.300000000000004,282.0905905423086,3415.2403979617325
23.400000000000002,281.7220741906034,3391.766114797258
23.500000000000004,281.3546726651753,3368.5298651288485
23.6,280.9883803493935,3345.5283852277717
23.700000000000003,280.62319168090744,3322.7584687417434
23.800000000000004,280.25910115078506,3300.2169654557124
23.900000000000002,279.89610330266754,3277.9007800844156
24.000000000000004,279.5341927319406,3255.8068710957377
24.1,279.1733640849231,3233.932249564026
24.200000000000003,278.8136120580703,3212.2739780524016
24.300000000000004,278.45493139719366,3190.8291695232847
24.400000000000002,278.0973168966958,3169.5949862762805
24.500000000000004,277.74076339882043,3148.5686389126345
24.6,277.38526579291664,3127.747385325488
24.700000000000003,277.0308190147178,3107.1285297151953
24.800000000000004,276.67741804563434,3086.7094216289797
24.900000000000002,276.32505791206046,3066.48745502424
25.000000000000004,275.973733684694,3046.460067354816
25.1,275.62344047786996,3026.624738679598
25.200000000000003,275.2741734489056,3006.9789907927834
25.300000000000004,274.92592779745985,2987.5203863752604
25.400000000000002,274.5786987649038,2968.246528166447
25.500000000000004,274.2324816337037,2949.155058156063
25.6,273.8872717268155,2930.243656795253
25.700000000000003,273.5430644070915,2911.5100422265446
25.800000000000004,273.19985507669713,2892.951969532105
25.900000000000002,272.85763917654026,2874.567229999808
26.000000000000004,272.5164121857102,2856.3536504066105
26.1,272.17616962092757,2838.309092318771
26.200000000000003,271.8369070360051,2820.4314514084604
26.300000000000004,271.49862002131744,2802.7186567863
26.400000000000002,271.1613042032822,2785.1686703494297
26.500000000000004,270.82495524384956,2767.7794861446455
26.6,270.48956884000205,2750.549129746248
26.700000000000003,270.1551407232636,2733.4756576481786
26.800000000000004,269.8216666592176,2716.5571566700723
26.900000000000002,269.4891424470336,2699.791743376861
27.000000000000004,269.1575639190033,2683.1775635115678
27.1,268.82692694008455,2666.7127914409425
27.200000000000003,268.4972274074544,2650.3956296136125
27.300000000000004,268.16846125006964,2634.2243080304065
27.400000000000002,267.84062442823557,2618.1970837265376
27.500000000000004,267.5137129331832,2602.3122402653657
27.6,267.1877227866531,2586.5680872433836
27.700000000000003,266.862650040488,2570.962959806208
27.800000000000004,266.5384907762315,2555.4952181752246
27.900000000000002,266.2152411047354,2540.1632471846738
28.000000000000004,265.89289716577275,2524.965455828864
28.1,265.5714551276587,2509.900276819289
28.200000000000003,265.25091118687817,2494.966166151387
28.300000000000004,264.9312615677195,2480.1616026806855
28.400000000000002,264.61250252191536,2465.4850877081217
28.500000000000004,264.2946303282895,2450.9351445742873
28.6,263.9776412924102,2436.5103182623916
28.700000000000003,263.66153174624947,2422.209175009704
28.800000000000004,263.3462980478484,2408.0303019272983
28.900000000000002,263.03193658098854,2393.9723066278607
29.000000000000004,262.7184437548688,2380.033816861385
29.1,262.40581600378823,2366.2134801585557
29.200000000000003,262.09404978683386,2352.509963481621
29.300000000000004,261.7831415875748,2338.921952882601
29.400000000000002,261.47308791376065,2325.4481531686124
29.500000000000004,261.16388529702596,2312.0872875741734
29.6,260.85553029259944,2298.838097440313
29.700000000000003,260.54801947901757,2285.6993419002865
29.800000000000004,260.2413494578447,2272.6697975718134
29.900000000000002,259.9355168533962,2259.7482582555926
30.000000000000004,259.63051831246725,2246.933534640013
30.1,259.32635050406606,2234.2244540118845
30.200000000000003,259.02301011915165,2221.6198599730506
30.300000000000004,258.72049387037595,2209.118612162747
30.400000000000002,258.41879849183016,2196.719585985563
30.500000000000004,258.1179207387958,2184.421672344894
30.6,257.8178573874995,2172.223777381733
30.700000000000003,257.5186052348717,2160.124822218687
30.800000000000004,257.22016109831003,2148.123742709109
30.900000000000002,256.92252181544626,2136.2194891912122
31.000000000000004,256.6256842439168,2124.4110262470476
31.1,256.32964526113733,2112.697332466254
31.200000000000003,256.03440176408145,2101.0774002144576
31.300000000000004,255.73995066906193,2089.550235406205
31.400000000000002,255.44628891151677,2078.1148572823595
31.500000000000004,255.15341344579778,2066.7702981918164
31.6,254.86132124496302,2055.515603377476
31.700000000000003,254.5700093005727,2044.3498307663617
31.800000000000004,254.27947462248795,2033.272050763789
31.900000000000002,253.98971423867323,2022.281346051501
32.0,253.70072519500167,2011.3768113896797
32.1,253.41250455506355,2000.5575534227446
32.2,253.12504939997797,1989.8226904888597
32.300000000000004,252.83835682820748,1979.171352433064
32.400000000000006,252.5524239553751,1968.6026804239357
32.5,252.26724791408543,1958.1158267737426
32.6,251.982825853747,1947.7099547619564
32.7,251.69915494039893,1937.3842384621082
32.800000000000004,251.4162323565391,1927.1378625718673
32.900000000000006,251.13405530095568,1916.9700222463057
33.0,250.85262098856109,1906.879922934263
33.1,250.5719266502283,1896.8667802177458
33.2,250.29196953263025,1886.9298196543104
33.300000000000004,250.01274689808068,1877.0682766223345
33.400000000000006,249.73425602437877,1867.2813961691602
33.5,249.45649420465483,1857.5684328619998
33.6,249.17945874721923,1847.928650641581
33.7,248.90314697541328,1838.3613226784623
33.800000000000004,248.62755622746218,1828.8657312319485
33.900000000000006,248.35268385633063,1819.4411675115782
34.0,248.07852722958012,1810.0869315411037
34.1,247.80508372922878,1800.8023320249292
34.2,247.53235075161297,1791.5866862169457
34.300000000000004,247.26032570725107,1782.4393197917166
34.400000000000006,246.98900602070938,1773.3595667179652
34.5,246.7183891304697,1764.3467691343149
34.6,246.4484724887991,1755.400277227236
34.7,246.17925356162152,1746.5194491111567
34.800000000000004,245.9107298283914,1737.7036507106925
34.900000000000006,245.64289878196868,1728.9522556449429
35.0,245.375757928496,1720.2646451138248
35.1,245.10930478727772,1711.640207786399
35.2,244.84353689066026,1703.0783396911393
35.300000000000004,244.57845178391472,1694.5784441081214
35.400000000000006,244.31404702512054,1686.1399314630735
35.5,244.05032018505128,1677.7622192232689
35.6,243.78726884706188,1669.4447317952142
35.7,243.52489060697746,1661.1869004240991
35.800000000000004,243.26318307298368,1652.988163094971
35.900000000000006,243.00214386551858,1644.847964435604
36.0,242.74177061716617,1636.7657556210254
36.1,242.4820609725512,1628.7409942796687
36.2,242.22301258823546,1620.7731444011179
36.300000000000004,241.96462313261563,1612.8616762454187
36.400000000000006,241.7068902858225,1605.0060662539186
36.5,241.44981173962142,1597.2057969616062
36.6,241.19338519731403,1589.4603569109263
36.7,240.9376083736419,1581.7692405670416
36.800000000000004,240.6824789946906,1574.131948234502
36.900000000000006,240.42799479779595,1566.5479859753113
37.0,240.17415353145068,1559.0168655283471
37.1,239.92095295521304,1551.5381042301224
37.2,239.66839083961608,1544.111224936854
37.300000000000004,239.41646496607848,1536.7357559478144
37.400000000000006,239.16517312681665,1529.4112309299512
37.5,238.91451312475746,1522.1371888437309
37.6,238.66448277345245,1514.9131738702015
37.7,238.4150798969934,1507.7387353392505
37.800000000000004,238.16630232992847,1500.613427659018
37.900000000000006,237.91814791717988,1493.5368102464665
38.0,237.67061451396222,1486.508447459064
38.1,237.42369998570223,1479.5279085275783
38.2,237.17740220795932,1472.5947674899503
38.300000000000004,236.93171906634723,1465.7086031262265
38.400000000000006,236.6866484564566,1458.868998894538
38.50000000000001,236.44218828377853,1452.075542868098
38.6,236.19833646362926,1445.3278276732076
38.7,235.95509092107545,1438.6254504282422
38.800000000000004,235.71244959086076,1431.96801268361
38.900000000000006,235.47041041733303,1425.3551203626541
39.00000000000001,235.2289713543727,1418.7863837034945
39.1,234.98813036532167,1412.2614172017752
39.2,234.74788542291344,1405.7798395543189
39.300000000000004,234.50823450920393,1399.3412736036585
39.400000000000006,234.26917561550295,1392.9453462834354
39.50000000000001,234.03070674230705,1386.591688564651
39.6,233.79282589923244,1380.2799354027477
39.7,233.55553110494927,1374.0097256855142
39.800000000000004,233.3188203871165,1367.7807021817969
39.900000000000006,233.08269178231762,1361.5925114909992
40.00000000000001,232.84714333599692,1355.444803993357
40.1,232.61217310239675,1349.3372338009824
40.2,232.3777791444956,1343.2694587096512
40.300000000000004,232.14395953394623,1337.2411401513264
40.400000000000006,231.91071235101555,1331.2519431474127
40.50000000000001,231.67803568452447,1325.301536262711
40.6,231.4459276317886,1319.3895915600772
40.7,231.2143862985596,1313.5157845557626
40.800000000000004,230.9834097989674,1307.6797941754337
40.900000000000006,230.75299625546302,1301.8813027108488
41.00000000000001,230.5231437987617,1296.1199957771844
41.1,230.2938505677873,1290.395562271006
41.2,230.0651147096165,1284.7076943288591
41.300000000000004,229.83693437942452,1279.0560872864864
41.400000000000006,229.60930774043067,1273.4404396386421
41.50000000000001,229.38223296384535,1267.8604529995134
41.6,229.15570822881642,1262.3158320637126
41.7,228.92973172237743,1256.8062845678585
41.800000000000004,228.7043016393955,1251.3315212527177
41.900000000000006,228.47941618252062,1245.891255825906
42.00000000000001,228.25507356213433,1240.4852049251272
42.1,228.0312719963001,1235.1130880819617
42.2,227.80800971071375,1229.7746276861765
42.300000000000004,227.5852849386541,1224.4695489505525
42.400000000000006,227.3630959209349,1219.197579876232
42.50000000000001,227.1414409058565,1213.9584512185575
42.6,226.92031814915853,1208.7518964534115
42.7,226.69972591397294,1203.5776517440386
42.800000000000004,226.4796624707774,1198.4354559083472
42.900000000000006,226.2601260973493,1193.3250503866761
43.00000000000001,226.04111507872048,1188.2461792100314
43.1,225.8226277071317,1183.1985889687658
43.2,225.60466228198845,1178.1820287817145
43.300000000000004,225.38721710981676,1173.1962502657661
43.400000000000006,225.17029050421928,1168.241007505864
43.50000000000001,224.95388078583227,1163.3160570254352
43.6,224.73798628228278,1158.4211577572366
43.7,224.52260532814591,1153.556071014608
43.800000000000004,224.30773626490358,1148.7205604631401
43.900000000000006,224.09337744090232,1143.9143920927265
44.00000000000001,223.8795272113124,1139.137334190017
44.1,223.66618393808733,1134.3891573112542
44.2,223.45334598992304,1129.6696342554808
44.300000000000004,223.24101174221857,1124.9785400381347
44.400000000000006,223.0291795770359,1120.3156518649937
44.50000000000001,222.81784788306143,1115.6807491064965
44.6,222.60701505556688,1111.0736132724076
44.7,222.39667949637075,1106.4940279868335
44.800000000000004,222.18683961380066,1101.9417789635886
44.900000000000006,221.97749382265545,1097.4166539818937
45.00000000000001,221.76864054416794,1092.918442862408
45.1,221.56027820596805,1088.4469374435912
45.2,221.35240524204593,1084.0019315583831
45.300000000000004,221.1450200927161,1079.5832210112098
45.400000000000006,220.9381212045811,1075.19060355529
45.50000000000001,220.7317070304963,1070.8238788702602
45.6,220.52577602953428,1066.4828485400947
45.7,220.3203266669503,1062.167316031328
45.800000000000004,220.1153574141471,1057.8770866715658
45.900000000000006,219.91086674864124,1053.6119676282929
46.00000000000001,219.7068531540286,1049.371767887954
46.1,219.50331511995108,1045.1562982353264
46.2,219.30025114206296,1040.9653712331576
46.300000000000004,219.09765972199784,1036.798801202081
46.400000000000006,218.89553936733606,1032.6564042007965
46.50000000000001,218.69388859157195,1028.5379980065134
46.6,218.49270591408174,1024.4434020956526
46.7,218.29198986009172,1020.3724376248048
46.800000000000004,218.09173896064635,1016.3249274119382
46.900000000000006,217.89195175257726,1012.3006959178562
47.00000000000001,217.69262677847166,1008.2995692278927
47.1,217.49376258664213,1004.3213750338568
47.2,217.29535773109535,1000.3659426162012
47.300000000000004,217.09741077150238,996.4331028264362
47.400000000000006,216.89992027316845,992.5226880697642
47.50000000000001,216.7028848070029,988.6345322879403
47.6,216.50630294949016,984.7684709423617
47.7,216.3101732826598,980.924340997365
47.800000000000004,216.11449439405823,977.1019809037535
47.900000000000006,215.9192648767193,973.3012305825233
48.00000000000001,215.724483329136,969.5219314088057
48.1,215.5301483552322,965.7639261960167
48.2,215.33625856433437,962.0270591802047
48.300000000000004,215.14281257114376,958.3111760046022
48.400000000000006,214.94980899570896,954.6161237043751
48.50000000000001,214.75724646339827,950.9417506915626
48.6,214.56512360487258,947.2879067402108
48.7,214.37343905605834,943.6544429716953
48.800000000000004,214.18219145812103,940.0412118402296
48.900000000000006,213.99137945743837,936.4480671185556
49.00000000000001,213.8010017055741,932.8748638838141
49.1,213.6110568592519,929.3214585035956
49.2,213.42154358032937,925.7877086221631
49.300000000000004,213.23246053577233,922.2734731468499
49.400000000000006,213.0438063976295,918.7786122346283
49.50000000000001,212.85557984300692,915.3029872788421
49.6,212.667779554043,911.8464608961094
49.7,212.4804042178836,908.4088969133844
49.800000000000004,212.29345252665712,904.990160355181
49.900000000000006,212.1069231774503,901.5901174309579
50.00000000000001,211.92081487228356,898.2086355226535
50.1,211.73512631808688,894.8455831723793
50.2,211.54985622667584,891.5008300702632
50.300000000000004,211.36500331472809,888.1742470424455
50.400000000000006,211.18056630375918,884.8657060392147
50.50000000000001,210.99654392009953,881.5750801232966
50.6,210.81293489487103,878.3022434582832
50.7,210.6297379639639,875.047071297201
50.800000000000004,210.4469518680137,871.8094399712219
50.900000000000006,210.2645753523788,868.5892268785105
51.00000000000001,210.08260716711752,865.3863104732042
51.1,209.90104606696576,862.2005702545299
51.2,209.71989081131483,859.031886756051
51.300000000000004,209.5391401641892,855.8801415350433
51.400000000000006,209.35879289422468,852.745217162001
51.50000000000001,209.17884777464639,849.6269972102656
51.6,208.99930358324747,846.5253662457836
51.7,208.8201591023672,843.4402098169816
51.800000000000004,208.64141311887002,840.371414444768
51.900000000000006,208.46306442412407,837.3188676126492
52.00000000000001,208.28511181398022,834.2824577569661
52.1,208.10755408875144,831.2620742572477
52.2,207.9303900531915,828.2576074266735
52.300000000000004,207.75361851647486,825.268948502657
52.400000000000006,207.57723829217602,822.2959896375347
52.50000000000001,207.40124819824925,819.3386238893673
52.6,207.22564705700833,816.3967452128476
52.7,207.05043369510648,813.4702484503165
52.800000000000004,206.8756069435166,810.5590293228857
52.900000000000006,206.7011656375114,807.6629844216619
53.00000000000001,206.5271086166437,804.7820111990742
53.1,206.35343472472712,801.9160079603054
53.2,206.1801428098164,799.0648738548174
53.300000000000004,206.00723172418847,796.2285088679829
53.400000000000006,205.83470032432308,793.4068138128068
53.50000000000001,205.66254747088388,790.5996903217488
53.6,205.4907720286996,787.8070408386379
53.7,205.31937286674528,785.0287686106811
53.800000000000004,205.14834885812365,782.2647776805651
53.900000000000006,204.97769888004643,779.5149728786454
54.00000000000001,204.80742181381638,776.7792598152315
54.1,204.63751654480853,774.0575448729536
54.2,204.4679819624524,771.3497351992206
54.300000000000004,204.29881696021377,768.6557386987647
54.400000000000006,204.1300204355769,765.9754640262693
54.50000000000001,203.96159129002658,763.3088205790797
54.6,203.79352842903052,760.6557184900013
54.7,203.62583076202174,758.016068620174
54.800000000000004,203.45849720238115,755.3897825520316
54.900000000000006,203.29152666742024,752.7767725823394
55.00000000000001,203.12491807836355,750.1769517153072
55.1,202.95867036033184,747.5902336557865
55.2,202.79278244232495,745.0165328025387
55.300000000000004,202.62725325720476,742.4557642415803
55.400000000000006,202.46208174167856,739.9078437396051
55.50000000000001,202.2972668362821,737.3726877374759
55.6,202.1328074853631,734.8502133437925
55.7,201.96870263706475,732.3403383285294
55.800000000000004,201.80495124330918,729.8429811167454
55.900000000000006,201.6415522597812,727.3580607823626
56.00000000000001,201.4785046459121,724.8854970420147
56.1,201.31580736486353,722.4252102489633
56.2,201.15345938351126,719.9771213870803
56.300000000000004,200.99145967242956,717.5411520649001
56.400000000000006,200.82980720587517,715.1172245097338
56.50000000000001,200.66850096177157,712.7052615618497
56.6,200.50753992169336,710.3051866687184
56.7,200.34692307085058,707.9169238793179
56.800000000000004,200.18664939807354,705.5403978385073
56.900000000000006,200.02671789579705,703.1755337814546
57.00000000000001,199.86712756004536,700.8222575281304
57.1,199.70787739041694,698.4804954778599
57.2,199.5489663900693,696.1501746039337
57.300000000000004,199.39039356570387,693.8312224482771
57.400000000000006,199.2321579275515,691.5235671161815
57.50000000000001,199.0742584893569,689.2271372710832
57.6,198.91669426836452,686.9418621294097
57.7,198.7594642853034,684.667671455473
57.800000000000004,198.6025675643729,682.4044955564239
57.900000000000006,198.44600313322783,680.152265277255
58.00000000000001,198.28977002296443,677.9109119958641
58.1,198.13386726810563,675.6803676181635
58.2,197.9782939065869,673.4605645732458
58.300000000000004,197.82304897974223,671.2514358086019
58.400000000000006,197.6681315322897,669.0529147853865
58.50000000000001,197.51354061231757,666.8649354737371
58.6,197.3592752712705,664.687432348142
58.7,197.20533456393534,662.5203403828564
58.800000000000004,197.05171754842738,660.3635950473673
58.900000000000006,196.89842328617692,658.2171323019098
59.00000000000001,196.74545084191524,656.0808885930251
59.1,196.59279928366124,653.9548008491694
59.2,196.44046768270775,651.8388064763673
59.300000000000004,196.28845511360817,649.7328433539118
59.400000000000006,196.13676065416325,647.6368498301098
59.50000000000001,195.98538338540752,645.55076471807
59.6,195.8343223915962,643.4745272915376
59.7,195.68357676019215,641.4080772807707
59.800000000000004,195.5331455818525,639.3513548684602
59.900000000000006,195.383027950416,637.3043006856933
60.00000000000001,195.23322296288976,635.2668558079571
60.1,195.0837297194365,633.2389617511838
60.2,194.93454732336176,631.22056046784
60.300000000000004,194.78567488110113,629.211594343052
60.400000000000006,194.63711150220757,627.2120061907746
60.50000000000001,194.4888562993388,625.2217392499977
60.6,194.34090838824486,623.240737180993
60.7,194.19326688775524,621.2689440615969
60.800000000000004,194.04593091976704,619.3063043835363
60.900000000000006,193.8988996092322,617.3527630487865
61.00000000000001,193.75217208414534,615.4082653659715
61.1,193.60574747553162,613.4727570467973
61.2,193.45962491743444,611.5461842025231
61.300000000000004,193.31380354690342,609.6284933404692
61.400000000000006,193.16828250398228,607.7196313605587
61.50000000000001,193.02306093169705,605.8195455518965
61.6,192.8781379760439,603.9281835893803
61.7,192.73351278597744,602.045493530349
61.800000000000004,192.589184513399,600.1714238112629
61.900000000000006,192.4451523131447,598.3059232444177
62.00000000000001,192.3014153429738,596.4489410146921
62.1,192.15797276355732,594.6004266763291
62.2,192.0148237384661,592.7603301497461
62.300000000000004,191.87196743415976,590.928601718383
62.400000000000006,191.72940301997474,589.1051920255752
62.50000000000001,191.58712966811325,587.290052071463
62.6,191.4451465536319,585.4831332099296
62.7,191.3034528544304,583.6843871455706
62.800000000000004,191.16204775124015,581.8937659306914
62.900000000000006,191.02093042761345,580.1112219623392
63.00000000000001,190.88010006991203,578.3367079793592
63.1,190.7395558672961,576.570177059483
63.2,190.59929701171353,574.8115826164461
63.300000000000004,190.45932269788864,573.0608783971323
63.400000000000006,190.31963212331144,571.3180184787476
63.50000000000001,190.18022448822683,569.5829572660213
63.6,190.04109899562363,567.8556494884342
63.7,189.902254851224,566.1360501974762
63.800000000000004,189.76369126347262,564.4241147639273
63.900000000000006,189.62540744352637,562.7197988751702
64.0,189.4874026052432,561.0230585325239
64.1,189.3496759651721,559.3338500486066
64.2,189.21222674254233,557.6521300447234
64.3,189.07505415925314,555.9778554482817
64.39999999999999,188.93815743986323,554.3109834902259
64.5,188.8015358115805,552.6514717025041
64.6,188.66518850425186,550.9992779155556
64.7,188.52911475035273,549.3543602558218
64.8,188.39331378497718,547.7166771432851
64.89999999999999,188.25778484582744,546.0861872890272
65.0,188.12252717320413,544.4628496928143
65.1,187.987540009996,542.8466236407044
65.2,187.85282260166986,541.2374687026755
65.3,187.71837419626095,539.6353447302826
65.39999999999999,187.58419404436273,538.0402118543293
65.5,187.4502813991171,536.4520304825678
65.6,187.31663551620466,534.8707612974188
65.7,187.18325565383478,533.2963652537119
65.8,187.05014107273612,531.7288035764511
65.89999999999999,186.91729103614665,530.1680377585972
66.0,186.7847048098042,528.6140295588741
66.1,186.65238166193691,527.0667409995971
66.2,186.52032086325346,525.5261343645169
66.3,186.3885216869338,523.9921721966908
66.39999999999999,186.25698340861953,522.4648172963671
66.5,186.12570530640457,520.9440327188956
66.6,185.99468666082572,519.4297817726539
66.7,185.86392675485337,517.922028016994
66.8,185.73342487388214,516.42073526021
66.89999999999999,185.60318030572182,514.9258675575229
67.0,185.47319234058784,513.4373892090849
67.1,185.34346027109243,511.95526475800324
67.2,185.21398339223518,510.4794589883805
67.3,185.08476100139436,509.0099369233769
67.39999999999999,184.9557923983174,507.5466638232863
67.5,184.8270768851123,506.0896051836327
67.6,184.69861376623837,504.63872673328547
67.7,184.57040234849742,503.1939944325882
67.8,184.442441941025,501.7553744715101
67.89999999999999,184.31473185528134,500.32283326780953
68.0,184.18727140504265,498.8963374652182
68.1,184.0600599063924,497.4758539316412
68.2,183.93309667771234,496.0613497573706
68.3,183.8063810396743,494.6527922533228
68.39999999999999,183.6799123152311,493.25014894928347
68.5,183.5536898296079,491.85338759217376
68.6,183.4277129102941,490.4624761443335
68.7,183.30198088703426,489.07738278181466
68.8,183.17649309182008,487.69807589269783
68.89999999999999,183.0512488588815,486.32452407541615
69.0,182.92624752467856,484.956696137101
69.1,182.8014884278929,483.5945610919402
69.2,182.67697090941945,482.2380881595502
69.3,182.5526943123581,480.887246763366
69.39999999999999,182.42865798200535,479.54200652904166
69.5,182.30486126584614,478.2023372828692
69.6,182.18130351354577,476.868209050211
69.7,182.0579840769413,475.5395920539427
69.8,181.93490231003392,474.21645671291674
69.89999999999999,181.81205756898052,472.8987736404334
70.0,181.68944921208583,471.58651364273027
70.1,181.5670765997941,470.27964771748213
70.2,181.4449390946814,468.97814705231673
70.3,181.32303606144745,467.6819830233424
70.39999999999999,181.20136686690782,466.3911271936893
70.5,181.07993087998597,465.1055513120638
70.6,180.95872747170537,463.82522731131644
70.7,180.83775601518167,462.55012730702083
70.8,180.71701588561498,461.2802235960681
70.89999999999999,180.59650646028206,460.0154886552709
71.0,180.47622711852839,458.75589513998085
71.1,180.35617724176097,457.5014158827216
71.2,180.23635621344008,456.25202389182664
71.3,180.11676341907207,455.0076923500979
71.39999999999999,179.99739824620147,453.76839461346856
71.5,179.87826008440362,452.5341042096833
71.6,179.75934832527702,451.30479483698707
71.7,179.64066236243588,450.08044036282683
71.8,179.52220159150266,448.8610148225644
71.89999999999999,179.40396541010057,447.6464924181998
72.0,179.2859532178461,446.43684751710697
72.1,179.16816441634182,445.2320546507808
72.2,179.05059840916886,444.03208851359364
72.3,178.93325460187975,442.83692396156465
72.39999999999999,178.81613240199098,441.64653601113775
72.5,178.69923121897577,440.4608998379719
72.6,178.58255046425685,439.2799907757417
72.7,178.4660895511994,438.10378431494803
72.8,178.34984789510375,436.93225610173965
72.89999999999999,178.2338249131981,435.765381936743
73.0,178.11802002463168,434.60313777390536
73.1,178.00243265046754,433.44549971934657
73.2,177.88706221367553,432.29244403021954
73.3,177.77190813912532,431.14394711358267
73.39999999999999,177.6569698535791,429.9999855252796
73.5,177.54224678568514,428.86053596883164
73.6,177.4277383659704,427.72557529433766
73.7,177.31344402683396,426.5950804973837
73.8,177.19936320253984,425.4690287179625
73.89999999999999,177.08549532921035,424.3473972394017
74.0,176.97183984481916,423.23016348730164
74.1,176.85839618918465,422.1173050284832
74.2,176.74516380396295,421.00879956994197
74.3,176.63214213264135,419.90462495781446
74.39999999999999,176.51933062053158,418.80475917635135
74.5,176.4067287147629,417.7091803468987
74.6,176.29433586427587,416.6178667268915
74.7,176.1821515198153,415.53079670885086
74.8,176.07017513392384,414.4479488193933
74.89999999999999,175.9584061609355,413.36930171824764
75.0,175.84684405696885,412.29483419727893
75.1,175.7354882799207,411.22452517952263
75.2,175.62433828945953,410.158353718225
75.3,175.51339354701898,409.0962989958933
75.39999999999999,175.40265351579154,408.0383403233531
75.5,175.29211766072194,406.984457138813
75.6,175.18178544850093,405.93462900693936
75.7,175.0716563475588,404.8888356179355
75.8,174.96172982805913,403.8470567866327
75.89999999999999,174.8520053618924,402.8092724515843
76.0,174.74248242266967,401.77546267417125
76.1,174.63316048571647,400.74560763771365
76.2,174.5240390280664,399.7196876465885
76.3,174.41511752845503,398.69768312535757
76.39999999999999,174.30639546731356,397.6795746178994
76.5,174.1978723267629,396.6653427865515
76.6,174.08954759060722,395.6549684112572
76.7,173.9814207443281,394.6484323887212
76.8,173.8734912750783,393.645715731572
76.9,173.76575867167577,392.64679956753
77.0,173.65822242459745,391.65166513858395
77.1,173.55088202597352,390.6602938001736
77.2,173.44373696958118,389.67266702037904
77.3,173.33678675083868,388.68876637911677
77.4,173.23003086679955,387.7085735673427
77.5,173.12346881614656,386.7320703862615
77.6,173.01710009918577,385.75923874654217
77.7,172.91092421784074,384.79006066754005
77.8,172.80494067564663,383.82451827652636
77.9,172.69914897774444,382.86259380792256
78.0,172.59354863087512,381.9042696025417
78.1,172.48813914337384,380.94952810683606
78.2,172.38292002516417,379.9983518721502
78.3,172.27789078775237,379.05072355398124
78.4,172.1730509442217,378.10662591124435
78.5,172.06840000922682,377.1660418055451
78.6,171.96393749898778,376.2289542004552
78.7,171.85966293128476,375.29534616079815
78.8,171.7555758254523,374.36520085193774
78.9,171.65167570237355,373.43850153907243
79.0,171.54796208447493,372.51523158653737
79.1,171.4444344957204,371.59537445710953
79.2,171.341092461606,370.6789137113209
79.3,171.2379355091543,369.76583300677544
79.4,171.134963166909,368.85611609747224
79.5,171.03217496492917,367.94974683313393
79.6,170.92957043478418,367.0467091585408
79.7,170.82714910954803,366.1469871128702
79.8,170.72491052379405,365.2505648290412
79.9,170.62285421358936,364.3574265330634
80.0,170.52097971648968,363.4675565433935
80.1,170.41928657153392,362.58093927029466
80.2,170.31777431923874,361.69755921520124
80.3,170.21644250159346,360.8174009700906
80.4,170.11529066205466,359.9404492168575
80.5,170.01431834554083,359.0666887266944
80.6,169.91352509842727,358.1961043594774
80.7,169.81291046854088,357.3286810631559
80.8,169.71247400515475,356.4644038731476
80.9,169.61221525898327,355.60325791173887
81.0,169.5121337821767,354.74522838748857
81.1,169.41222912831623,353.8903005946377
81.2,169.3125008524087,353.03845991252336
81.3,169.21294851088166,352.1896918049974
81.4,169.11357166157808,351.3439818198489
81.5,169.0143698637516,350.5013155882334
81.6,168.91534267806105,349.66167882410286
81.7,168.81648966656584,348.8250573236442
81.8,168.7178103927208,347.99143696471987
81.9,168.61930442137108,347.1608037063127
82.0,168.5209713187473,346.3331435879763
82.1,168.4228106524607,345.508442729289
82.2,168.324821991498,344.68668732931246
82.3,168.2270049062166,343.8678636660538
82.4,168.1293589683397,343.0519580959323
82.5,168.0318837509515,342.23895705325185
82.6,167.93457882849214,341.4288470496736
82.7,167.837443776753,340.62161467369674
82.8,167.740478172872,339.8172465901419
82.9,167.6436815953286,339.01572953963705
83.0,167.54705362393906,338.2170503381098
83.1,167.45059383985176,337.4211958762816
83.2,167.35430182554248,336.6281531191679
83.3,167.25817716480952,335.83790910557997
83.4,167.16221944276927,335.0504509476325
83.5,167.06642824585106,334.2657658302527
83.6,166.97080316179313,333.483841010697
83.7,166.87534377963732,332.7046638180662
83.8,166.78004968972496,331.9282216528297
83.9,166.68492048369197,331.1545019863494
84.0,166.5899557544643,330.38349236040926
84.1,166.49515509625348,329.61518038674797
84.2,166.40051810455188,328.84955374659495
84.3,166.30604437612828,328.08660019021056
84.4,166.2117335090234,327.326307536429
84.5,166.1175851025451,326.5686636722048
84.6,166.02359875726427,325.8136565521641
84.7,165.9297740750101,325.0612741981569
84.8,165.83611065886575,324.3115046988156
84.9,165.74260811316378,323.56433620911406
85.0,165.6492660434819,322.8197569499323
85.1,165.55608405663835,322.07775520762283
85.2,165.4630617606877,321.33831933358164
85.3,165.37019876491635,320.6014377438211
85.4,165.27749467983824,319.8670989185475
85.5,165.18494911719054,319.1352914017407
85.6,165.09256168992917,318.4060038007368
85.7,165.00033201222467,317.67922478581534
85.8,164.90825969945786,316.9549430897883
85.9,164.81634436821543,316.23314750759226
86.0,164.72458563628592,315.5138268958848
86.1,164.63298312265525,314.79697017264215
86.2,164.5415364475026,314.08256631676136
86.3,164.45024523219632,313.37060436766524
86.4,164.35910909928947,312.661073424909
86.5,164.2681276725157,311.95396264779095
86.6,164.1773005767854,311.249261254967
86.7,164.08662743818113,310.54695852406525
86.8,163.99610788395375,309.8470437913064
86.9,163.90574154251823,309.14950645112526
87.0,163.8155280434495,308.4543359557953
87.1,163.72546701747845,307.76152181505654
87.2,163.63555809648787,307.07105359574604
87.3,163.54580091350823,306.38292092143035
87.4,163.45619510271388,305.6971134720419
87.5,163.36674029941886,305.01362098351734
87.6,163.27743614007292,304.33243324743825
87.7,163.18828226225756,303.6535401106755
87.8,163.09927830468214,302.976931475036
87.9,163.01042390717953,302.3025972969097
88.0,162.92171871070286,301.63052758692487
88.1,162.83316235732087,300.96071240959844
88.2,162.74475449021435,300.2931418829948
88.3,162.65649475367223,299.6278061783851
88.4,162.5683827930877,298.9646955199082
88.5,162.48041825495412,298.30380018423534
88.6,162.39260078686152,297.6451105002368
88.7,162.30493003749234,296.98861684865034
88.8,162.21740565661807,296.33430966175433
88.9,162.13002729509492,295.6821794230396
89.0,162.04279460486046,295.0322166668876
89.1,161.95570723892962,294.38441197824784
89.2,161.86876485139078,293.7387559923189
89.3,161.7819670974025,293.09523939423315
89.4,161.6953136331891,292.4538529187403
89.5,161.6088041160376,291.8145873498973
89.6,161.52243820429345,291.17743352075667
89.7,161.43621555735714,290.54238231306
89.8,161.3501358356805,289.90942465693263
89.9,161.26419870076293,289.27855153058005
90.0,161.1784038151477,288.64975395998687
90.1,161.0927508424184,288.0230230186182
90.2,161.00723944719536,287.39834982712307
90.3,160.9218692951318,286.7757255530397
90.4,160.83664005291055,286.15514141050346
90.5,160.7515513882401,285.5365886599558
90.6,160.66660296985128,284.9200586078568
90.7,160.5817944674937,284.305542606399
90.8,160.49712555193187,283.6930320532223
90.9,160.41259589494217,283.0825183911333
91.0,160.3282051693089,282.47399310782424
91.1,160.24395304882088,281.8674477355951
91.2,160.15983920826812,281.2628738510778
91.3,160.07586332343814,280.6602630749622
91.4,159.99202507111252,280.0596070717231
91.5,159.90832412906354,279.46089754935133
91.6,159.82476017605066,278.8641262590842
91.7,159.74133289181702,278.2692849951396
91.8,159.65804195708623,277.67636559445214
91.9,159.57488705355865,277.08535993640913
92.0,159.49186786390837,276.49625994259134
92.1,159.40898407177943,275.9090575765128
92.2,159.32623536178272,275.32374484336424
92.3,159.2436214194926,274.7403137897582
92.4,159.1611419314434,274.15875650347476
92.5,159.0787965851263,273.57906511321073
92.6,158.9965850689857,273.00123178832837
92.7,158.91450707241623,272.4252487386087
92.8,158.83256228575937,271.8511082140046
92.9,158.7507504003,271.2788025043956
93.0,158.66907110826338,270.7083239393456
93.1,158.5875241028116,270.139664887861
93.2,158.50610907804065,269.5728177581515
93.3,158.42482572897688,269.00777499739223
93.4,158.34367375157402,268.44452909148725
93.5,158.26265284270988,267.88307256483535
93.6,158.18176270018304,267.3233979800964
93.7,158.10100302270985,266.76549793796056
93.8,158.02037350992111,266.20936507691874
93.9,157.939873862359,265.6549920730338
94.0,157.8595037814739,265.10237163971465
94.1,157.77926296962121,264.5514965274908
94.2,157.69915113005823,264.0023595237892
94.3,157.61916796694112,263.4549534527126
94.4,157.53931318532162,262.9092711748183
94.5,157.45958649114425,262.36530558690094
94.6,157.37998759124295,261.82304962177363
94.7,157.300516193338,261.2824962480527
94.8,157.22117200603333,260.7436384699443
94.9,157.14195473881293,260.2064693270298
95.0,157.0628641020383,259.67098189405635
95.1,156.98389980694512,259.1371692807254
95.2,156.9050615656403,258.605024631485
95.3,156.82634909109913,258.0745411253231
95.4,156.74776209716197,257.5457119755606
95.5,156.66930029853174,257.0185304296494
95.6,156.5909634107704,256.49298976896694
95.7,156.51275115029642,255.96908330861666
95.8,156.43466323438162,255.44680439722742
95.9,156.3566993811483,254.92614641675476
96.0,156.27885930956631,254.40710278228357
96.1,156.20114273945018,253.88966694183236
96.2,156.12354939145595,253.37383237615785
96.3,156.0460789870788,252.8595925985632
96.4,155.96873124864956,252.3469411547041
96.5,155.89150589933237,251.8358716223998
96.6,155.8144026631214,251.32637761144238
96.7,155.73742126483828,250.8184527634095
96.8,155.66056143012904,250.31209075147703
96.9,155.58382288546161,249.80728528023414
97.0,155.50720535812252,249.30403008549783
97.1,155.4307085762146,248.80231893413136
97.2,155.35433226865374,248.30214562386078
97.3,155.2780761651664,247.80350398309577
97.4,155.20193999628665,247.3063878707491
97.5,155.12592349335364,246.81079117605955
97.6,155.05002638850848,246.3167078184137
97.7,154.97424841469186,245.82413174717112
97.8,154.89858930564105,245.33305694148933
97.9,154.8230487958873,244.84347741015017
98.0,154.74762662075304,244.3553871913877
98.1,154.6723225163493,243.8687803527174
98.2,154.5971362195729,243.38365099076552
98.3,154.5220674681038,242.89999323110098
98.4,154.44711600040242,242.41780122806668
98.5,154.37228155570696,241.93706916461383
98.6,154.29756387403071,241.4577912521358
98.7,154.22296269615958,240.97996173030427
98.8,154.14847776364923,240.50357486690547
98.9,154.07410881882248,240.02862495767795
99.0,153.99985560476688,239.555106326152
99.1,153.9257178653319,239.08301332348898
99.2,153.85169534512636,238.61234032832235
99.3,153.777787789516,238.14308174660036
99.4,153.70399494462063,237.6752320114282
99.5,153.6303165573118,237.2087855829129
99.6,153.55675237521015,236.74373694800812
99.7,153.48330214668277,236.28008062036025
99.8,153.40996562084084,235.81781114015598
99.9,153.33674254753691,235.35692307397014
100.0,153.26363267736255,234.89741101461513
